O*NET-SOC Code,Title,Realistic,Investigative,Artistic,Social,Enterprising,Conventional,Career Category
11-1011.00,Chief Executives,0.18,0.4357,0.3086,0.5057,0.9943,0.71,Business & Finance
11-1011.03,Chief Sustainability Officers,0.2914,0.6829,0.3543,0.5071,0.9543,0.6414,Business & Finance
11-1021.00,General and Operations Managers,0.3143,0.3386,0.1843,0.4829,1,0.7629,"Engineering, Manufacturing & Construction"
11-1031.00,Legislators,0.22,0.4786,0.3857,0.5271,0.7886,0.5171,Law & Public Policy
11-2011.00,Advertising and Promotions Managers,0.1429,0.2414,0.5529,0.4486,1,0.6329,Business & Finance
11-2021.00,Marketing Managers,0.1429,0.4143,0.35,0.4029,1,0.6714,Business & Finance
11-2022.00,Sales Managers,0.2129,0.2386,0.1943,0.4814,1,0.79,Business & Finance
11-2032.00,Public Relations Managers,0.1429,0.3343,0.5243,0.5971,1,0.6271,"Arts, Communications & Humanities"
11-2033.00,Fundraising Managers,0.1429,0.3443,0.3729,0.5371,1,0.6886,Business & Finance
11-3012.00,Administrative Services Managers,0.2029,0.3029,0.1586,0.5343,0.9243,0.8957,Business & Finance
11-3013.00,Facilities Managers,0.5929,0.3714,0.23,0.5114,0.7643,0.7643,Business & Finance
11-3013.01,Security Managers,0.4843,0.5271,0.1857,0.3929,0.8043,0.7757,Business & Finance
11-3021.00,Computer and Information Systems Managers,0.3829,0.6414,0.21,0.3357,0.7271,0.8486,Technology & IT
11-3031.00,Financial Managers,0.1943,0.3514,0.2271,0.4343,1,0.7943,Business & Finance
11-3031.03,Investment Fund Managers,0.2114,0.5386,0.2357,0.3843,0.9929,0.7443,Business & Finance
11-3051.00,Industrial Production Managers,0.5714,0.4171,0.2,0.2643,0.8614,0.7443,Business & Finance
11-3051.01,Quality Control Systems Managers,0.5114,0.5886,0.1829,0.2957,0.7271,0.7743,Business & Finance
11-3051.02,Geothermal Production Managers,0.7643,0.4786,0.1429,0.2957,0.6543,0.6886,Business & Finance
11-3051.03,Biofuels Production Managers,0.6557,0.5343,0.1429,0.2614,0.7729,0.7229,Business & Finance
11-3051.04,Biomass Power Plant Managers,0.7314,0.4557,0.1429,0.2457,0.6943,0.7629,"Engineering, Manufacturing & Construction"
11-3051.06,Hydroelectric Production Managers,0.7671,0.52,0.1429,0.2614,0.6529,0.7171,"Engineering, Manufacturing & Construction"
11-3061.00,Purchasing Managers,0.3557,0.2529,0.1714,0.3857,1,0.8543,Business & Finance
11-3071.00,"Transportation, Storage, and Distribution Managers",0.5143,0.3771,0.1429,0.3414,0.8557,0.82,"Arts, Communications & Humanities"
11-3071.04,Supply Chain Managers,0.4843,0.3514,0.1429,0.2914,0.8914,0.75,Business & Finance
11-3111.00,Compensation and Benefits Managers,0.1429,0.3114,0.2014,0.5443,1,0.8086,Business & Finance
11-3121.00,Human Resources Managers,0.18,0.33,0.2143,0.5543,1,0.7914,Business & Finance
11-3131.00,Training and Development Managers,0.2714,0.4343,0.3671,0.7914,0.9071,0.5771,Business & Finance
11-9013.00,"Farmers, Ranchers, and Other Agricultural Managers",0.7371,0.3914,0.1514,0.3757,0.7886,0.6471,Business & Finance
11-9021.00,Construction Managers,0.6686,0.4543,0.2429,0.3357,0.8186,0.6857,"Engineering, Manufacturing & Construction"
11-9031.00,"Education and Childcare Administrators, Preschool and Daycare",0.1714,0.4143,0.3971,0.9229,0.6929,0.6471,Education
11-9032.00,"Education Administrators, Kindergarten through Secondary",0.1871,0.4371,0.4057,0.8171,0.7629,0.6686,Education
11-9033.00,"Education Administrators, Postsecondary",0.1429,0.5471,0.4014,0.8057,0.7571,0.7014,Education
11-9041.00,Architectural and Engineering Managers,0.4271,0.6514,0.3771,0.4214,0.9143,0.6329,"Engineering, Manufacturing & Construction"
11-9041.01,Biofuels/Biodiesel Technology and Product Development Managers,0.5943,0.8343,0.3014,0.3,0.6714,0.5014,Business & Finance
11-9051.00,Food Service Managers,0.5943,0.28,0.2329,0.5043,0.8529,0.7229,Business & Finance
11-9071.00,Gambling Managers,0.4,0.1929,0.1557,0.4086,0.9629,0.78,Business & Finance
11-9072.00,"Entertainment and Recreation Managers, Except Gambling",0.4786,0.28,0.2829,0.5614,0.8929,0.72,"Arts, Communications & Humanities"
11-9081.00,Lodging Managers,0.3843,0.1571,0.2043,0.6157,0.8871,0.7457,Business & Finance
11-9111.00,Medical and Health Services Managers,0.2929,0.5357,0.2071,0.6286,0.85,0.7386,Healthcare & Medicine
11-9121.00,Natural Sciences Managers,0.3914,0.8386,0.3486,0.4414,0.8,0.6029,Science & Mathematics
11-9121.01,Clinical Research Coordinators,0.2257,0.8429,0.2514,0.5114,0.6157,0.6871,Healthcare & Medicine
11-9141.00,"Property, Real Estate, and Community Association Managers",0.4686,0.3014,0.2414,0.5043,0.9529,0.7514,Science & Mathematics
11-9151.00,Social and Community Service Managers,0.1429,0.31,0.3471,0.7757,0.9957,0.6014,Business & Finance
11-9161.00,Emergency Management Directors,0.5043,0.6414,0.26,0.5729,0.7243,0.67,"Arts, Communications & Humanities"
11-9171.00,Funeral Home Managers,0.4014,0.3314,0.27,0.6214,0.9114,0.6514,Business & Finance
11-9179.01,Fitness and Wellness Coordinators,0.4586,0.3843,0.3057,0.7971,0.7743,0.5214,Business & Finance
11-9179.02,Spa Managers,0.3571,0.1871,0.2629,0.5986,1,0.7014,Business & Finance
11-9199.01,Regulatory Affairs Managers,0.2757,0.4271,0.1914,0.3786,0.9357,0.81,Business & Finance
11-9199.02,Compliance Managers,0.2743,0.4257,0.1429,0.4429,0.8471,0.9,Business & Finance
11-9199.08,Loss Prevention Managers,0.49,0.5171,0.1429,0.4071,0.8029,0.8357,Business & Finance
11-9199.09,Wind Energy Operations Managers,0.5943,0.4343,0.1429,0.3343,0.9243,0.7486,"Engineering, Manufacturing & Construction"
11-9199.10,Wind Energy Development Managers,0.4914,0.5514,0.2371,0.34,0.9586,0.6886,Business & Finance
11-9199.11,Brownfield Redevelopment Specialists and Site Managers,0.6414,0.6157,0.2086,0.29,0.6486,0.67,Business & Finance
13-1011.00,"Agents and Business Managers of Artists, Performers, and Athletes",0.1429,0.2514,0.5071,0.5914,0.9257,0.5329,"Arts, Communications & Humanities"
13-1021.00,"Buyers and Purchasing Agents, Farm Products",0.6514,0.2643,0.1543,0.2486,0.7014,0.6857,Business & Finance
13-1022.00,"Wholesale and Retail Buyers, Except Farm Products",0.4814,0.2743,0.2229,0.35,0.7471,0.7386,Business & Finance
13-1023.00,"Purchasing Agents, Except Wholesale, Retail, and Farm Products",0.5,0.26,0.17,0.2757,0.7271,0.8071,Business & Finance
13-1031.00,"Claims Adjusters, Examiners, and Investigators",0.1757,0.5043,0.1429,0.3729,0.6814,0.89,Law & Public Policy
13-1032.00,"Insurance Appraisers, Auto Damage",0.7386,0.4343,0.1657,0.2343,0.5057,0.7771,Business & Finance
13-1041.01,Environmental Compliance Inspectors,0.6529,0.6814,0.15,0.3357,0.4586,0.8343,Law & Public Policy
13-1041.04,Government Property Inspectors and Investigators,0.4414,0.4743,0.1429,0.3443,0.6,0.8943,Law & Public Policy
13-1041.08,Customs Brokers,0.3386,0.2186,0.1429,0.31,0.7171,0.8757,Business & Finance
13-1071.00,Human Resources Specialists,0.1471,0.36,0.1929,0.54,0.81,0.7886,Business & Finance
13-1074.00,Farm Labor Contractors,0.6929,0.22,0.1429,0.4629,0.7129,0.6271,"Arts, Communications & Humanities"
13-1081.00,Logisticians,0.3357,0.5443,0.1571,0.3329,0.7171,0.7771,Business & Finance
13-1081.01,Logistics Engineers,0.5743,0.7457,0.1529,0.1871,0.5371,0.81,"Engineering, Manufacturing & Construction"
13-1081.02,Logistics Analysts,0.4114,0.5771,0.1429,0.2171,0.6386,0.97,Business & Finance
13-1082.00,Project Management Specialists,0.2114,0.3929,0.2243,0.4743,0.9,0.7929,Business & Finance
13-1111.00,Management Analysts,0.1957,0.7771,0.2329,0.4029,0.6871,0.8643,Business & Finance
13-1121.00,"Meeting, Convention, and Event Planners",0.1429,0.2229,0.3557,0.6514,1,0.7086,Business & Finance
13-1131.00,Fundraisers,0.1429,0.2886,0.46,0.6043,0.8614,0.5814,Business & Finance
13-1161.00,Market Research Analysts and Marketing Specialists,0.1543,0.6571,0.3657,0.3529,0.7886,0.66,Business & Finance
13-1161.01,Search Marketing Strategists,0.1429,0.54,0.4614,0.3943,0.7914,0.6686,Business & Finance
13-1199.04,Business Continuity Planners,0.2857,0.6271,0.2371,0.4371,0.7471,0.7229,Business & Finance
13-1199.07,Security Management Specialists,0.5514,0.7271,0.24,0.28,0.5329,0.8114,Business & Finance
13-2011.00,Accountants and Auditors,0.1629,0.51,0.1543,0.3043,0.5529,1,Business & Finance
13-2022.00,Appraisers of Personal and Business Property,0.5129,0.3671,0.2986,0.24,0.6643,0.8571,Business & Finance
13-2023.00,Appraisers and Assessors of Real Estate,0.3857,0.4071,0.23,0.3757,0.6957,0.83,Science & Mathematics
13-2041.00,Credit Analysts,0.1429,0.5414,0.1429,0.3443,0.65,0.9786,Technology & IT
13-2051.00,Financial and Investment Analysts,0.1429,0.7229,0.2543,0.3214,0.7271,0.7914,Business & Finance
13-2052.00,Personal Financial Advisors,0.1429,0.4671,0.2414,0.5814,0.8357,0.8014,Business & Finance
13-2053.00,Insurance Underwriters,0.2457,0.52,0.1429,0.4057,0.6429,0.88,"Arts, Communications & Humanities"
13-2054.00,Financial Risk Specialists,0.2386,0.7086,0.1871,0.3543,0.7029,0.7657,Business & Finance
13-2061.00,Financial Examiners,0.1914,0.5143,0.1429,0.3571,0.6614,0.9143,Business & Finance
13-2071.00,Credit Counselors,0.1429,0.3786,0.2571,0.6986,0.6757,0.7643,Technology & IT
13-2081.00,"Tax Examiners and Collectors, and Revenue Agents",0.1729,0.3529,0.1429,0.45,0.6257,0.9786,Business & Finance
13-2082.00,Tax Preparers,0.31,0.34,0.1429,0.3229,0.4829,0.97,Business & Finance
13-2099.01,Financial Quantitative Analysts,0.2329,0.9529,0.2643,0.2257,0.4929,0.8271,Business & Finance
13-2099.04,"Fraud Examiners, Investigators and Analysts",0.2871,0.6671,0.1743,0.2786,0.6529,0.8029,Law & Public Policy
15-1211.00,Computer Systems Analysts,0.4671,0.9129,0.2829,0.2729,0.3186,0.8471,Technology & IT
15-1211.01,Health Informatics Specialists,0.4057,0.8986,0.2843,0.6457,0.2971,0.6729,Technology & IT
15-1212.00,Information Security Analysts,0.5086,0.7714,0.1914,0.3014,0.4071,0.8686,Technology & IT
15-1221.00,Computer and Information Research Scientists,0.5343,1,0.4214,0.2857,0.3557,0.6857,Technology & IT
15-1231.00,Computer Network Support Specialists,0.6257,0.6586,0.1429,0.3257,0.3771,0.7786,Technology & IT
15-1232.00,Computer User Support Specialists,0.59,0.5386,0.1429,0.4729,0.3371,0.86,Technology & IT
15-1241.00,Computer Network Architects,0.5771,0.7543,0.3214,0.31,0.4571,0.7229,Technology & IT
15-1241.01,Telecommunications Engineering Specialists,0.6486,0.6129,0.2714,0.33,0.4386,0.7071,"Engineering, Manufacturing & Construction"
15-1242.00,Database Administrators,0.4043,0.69,0.1714,0.3271,0.42,0.9443,Technology & IT
15-1243.00,Database Architects,0.3757,0.8043,0.3086,0.2729,0.3829,0.8743,Technology & IT
15-1243.01,Data Warehousing Specialists,0.4186,0.6843,0.2314,0.29,0.4357,0.9114,Technology & IT
15-1244.00,Network and Computer Systems Administrators,0.5986,0.5771,0.1429,0.3171,0.4943,0.8829,Technology & IT
15-1251.00,Computer Programmers,0.4814,0.7286,0.3586,0.2829,0.2986,0.8457,Technology & IT
15-1252.00,Software Developers,0.5157,0.8643,0.3386,0.2586,0.2671,0.8029,Technology & IT
15-1253.00,Software Quality Assurance Analysts and Testers,0.5429,0.8229,0.2414,0.2186,0.2243,0.81,Technology & IT
15-1254.00,Web Developers,0.4257,0.7157,0.4471,0.3171,0.4229,0.7186,Technology & IT
15-1255.00,Web and Digital Interface Designers,0.37,0.6971,0.64,0.3143,0.4471,0.6286,Technology & IT
15-1255.01,Video Game Designers,0.3957,0.5929,0.9114,0.3286,0.56,0.55,"Arts, Communications & Humanities"
15-1299.01,Web Administrators,0.35,0.63,0.3457,0.3243,0.5386,0.7914,Technology & IT
15-1299.02,Geographic Information Systems Technologists and Technicians,0.6086,0.7414,0.33,0.2757,0.2757,0.84,Technology & IT
15-1299.03,Document Management Specialists,0.25,0.5557,0.2586,0.3271,0.4186,0.9629,Business & Finance
15-1299.05,Information Security Engineers,0.6143,0.7914,0.19,0.2614,0.38,0.8657,Technology & IT
15-1299.07,Blockchain Engineers,0.4857,0.7543,0.2957,0.2243,0.4843,0.8129,"Engineering, Manufacturing & Construction"
15-1299.08,Computer Systems Engineers/Architects,0.5857,0.78,0.2686,0.3,0.4329,0.8229,Technology & IT
15-1299.09,Information Technology Project Managers,0.2471,0.5529,0.2529,0.3814,0.8443,0.7586,Technology & IT
15-2011.00,Actuaries,0.2543,0.6357,0.1614,0.3557,0.4757,0.8986,Science & Mathematics
15-2021.00,Mathematicians,0.46,1,0.4614,0.2786,0.1586,0.7186,Science & Mathematics
15-2031.00,Operations Research Analysts,0.2714,0.8943,0.3114,0.2886,0.4486,0.8229,"Engineering, Manufacturing & Construction"
15-2041.00,Statisticians,0.3057,0.94,0.2529,0.2443,0.26,0.8614,Science & Mathematics
15-2041.01,Biostatisticians,0.3471,1,0.4,0.4443,0.2829,0.6286,Science & Mathematics
15-2051.00,Data Scientists,0.31,0.9971,0.3729,0.2371,0.2443,0.77,Technology & IT
15-2051.01,Business Intelligence Analysts,0.1771,0.7729,0.2757,0.2643,0.6314,0.8271,Business & Finance
15-2051.02,Clinical Data Managers,0.1786,0.8086,0.1814,0.4029,0.4714,0.94,Technology & IT
15-2099.01,Bioinformatics Technicians,0.5443,0.9171,0.2257,0.2414,0.1429,0.8629,Technology & IT
17-1011.00,"Architects, Except Landscape and Naval",0.7029,0.5543,0.59,0.3614,0.5214,0.6343,"Engineering, Manufacturing & Construction"
17-1012.00,Landscape Architects,0.7743,0.6757,0.6686,0.3814,0.5214,0.5286,"Engineering, Manufacturing & Construction"
17-1021.00,Cartographers and Photogrammetrists,0.66,0.74,0.5071,0.2543,0.2343,0.7629,"Engineering, Manufacturing & Construction"
17-1022.00,Surveyors,0.75,0.6757,0.3029,0.2329,0.2686,0.7557,"Engineering, Manufacturing & Construction"
17-1022.01,Geodetic Surveyors,0.7857,0.7714,0.22,0.2486,0.23,0.7557,"Engineering, Manufacturing & Construction"
17-2011.00,Aerospace Engineers,0.8071,0.8643,0.3357,0.1786,0.36,0.6343,"Engineering, Manufacturing & Construction"
17-2021.00,Agricultural Engineers,0.95,0.8986,0.3129,0.2471,0.33,0.5386,"Engineering, Manufacturing & Construction"
17-2031.00,Bioengineers and Biomedical Engineers,0.7771,0.9643,0.3014,0.35,0.2629,0.64,"Engineering, Manufacturing & Construction"
17-2041.00,Chemical Engineers,0.8957,0.8214,0.2571,0.1457,0.2643,0.6486,"Engineering, Manufacturing & Construction"
17-2051.00,Civil Engineers,0.9186,0.7357,0.3157,0.2414,0.38,0.6586,"Engineering, Manufacturing & Construction"
17-2051.01,Transportation Engineers,0.7671,0.7257,0.3043,0.2814,0.4414,0.63,"Engineering, Manufacturing & Construction"
17-2051.02,Water/Wastewater Engineers,0.8029,0.7643,0.2643,0.2514,0.4143,0.6471,"Engineering, Manufacturing & Construction"
17-2061.00,Computer Hardware Engineers,0.8129,0.7943,0.2614,0.26,0.2829,0.7671,Technology & IT
17-2071.00,Electrical Engineers,0.86,0.7786,0.3029,0.2457,0.3486,0.6329,"Engineering, Manufacturing & Construction"
17-2072.00,"Electronics Engineers, Except Computer",0.8914,0.83,0.29,0.2271,0.2314,0.6686,Technology & IT
17-2081.00,Environmental Engineers,0.7386,0.8714,0.28,0.3171,0.4529,0.6557,"Engineering, Manufacturing & Construction"
17-2111.00,"Health and Safety Engineers, Except Mining Safety Engineers and Inspectors",0.7657,0.8043,0.1486,0.31,0.3243,0.6686,"Engineering, Manufacturing & Construction"
17-2111.02,Fire-Prevention and Protection Engineers,0.9043,0.7414,0.21,0.4057,0.4,0.6386,"Engineering, Manufacturing & Construction"
17-2112.00,Industrial Engineers,0.7086,0.7129,0.2257,0.1957,0.47,0.7643,"Engineering, Manufacturing & Construction"
17-2112.01,Human Factors Engineers and Ergonomists,0.6486,0.8871,0.3786,0.3071,0.37,0.6286,"Engineering, Manufacturing & Construction"
17-2112.02,Validation Engineers,0.6929,0.7943,0.2114,0.2043,0.2886,0.7243,"Engineering, Manufacturing & Construction"
17-2112.03,Manufacturing Engineers,0.7529,0.6471,0.3171,0.2286,0.4414,0.63,"Engineering, Manufacturing & Construction"
17-2121.00,Marine Engineers and Naval Architects,0.82,0.8157,0.3743,0.1814,0.4657,0.6157,"Engineering, Manufacturing & Construction"
17-2131.00,Materials Engineers,0.84,0.8314,0.3629,0.1971,0.2943,0.5871,"Engineering, Manufacturing & Construction"
17-2141.00,Mechanical Engineers,0.9129,0.7314,0.2886,0.1743,0.2814,0.69,"Engineering, Manufacturing & Construction"
17-2141.01,Fuel Cell Engineers,0.79,0.7671,0.2614,0.2057,0.3586,0.58,"Engineering, Manufacturing & Construction"
17-2141.02,Automotive Engineers,0.8814,0.81,0.3643,0.1957,0.3043,0.58,"Engineering, Manufacturing & Construction"
17-2151.00,"Mining and Geological Engineers, Including Mining Safety Engineers",0.8686,0.7971,0.2214,0.2629,0.3929,0.6629,"Engineering, Manufacturing & Construction"
17-2161.00,Nuclear Engineers,0.7029,0.92,0.2929,0.27,0.3614,0.64,"Engineering, Manufacturing & Construction"
17-2171.00,Petroleum Engineers,0.7671,0.7614,0.2743,0.2543,0.4343,0.6171,"Engineering, Manufacturing & Construction"
17-2199.03,"Energy Engineers, Except Wind and Solar",0.7429,0.67,0.29,0.32,0.4414,0.6286,"Engineering, Manufacturing & Construction"
17-2199.05,Mechatronics Engineers,0.8114,0.7929,0.3471,0.2257,0.2457,0.6914,"Engineering, Manufacturing & Construction"
17-2199.06,Microsystems Engineers,0.7829,0.8843,0.2757,0.2214,0.2,0.7014,"Engineering, Manufacturing & Construction"
17-2199.07,Photonics Engineers,0.8429,0.84,0.4,0.1986,0.2429,0.5657,"Engineering, Manufacturing & Construction"
17-2199.08,Robotics Engineers,0.8829,0.8014,0.2557,0.2129,0.2557,0.64,"Engineering, Manufacturing & Construction"
17-2199.09,Nanosystems Engineers,0.7586,0.8714,0.3371,0.21,0.3671,0.5771,"Engineering, Manufacturing & Construction"
17-2199.10,Wind Energy Engineers,0.8429,0.6486,0.3171,0.2043,0.4457,0.5886,"Engineering, Manufacturing & Construction"
17-2199.11,Solar Energy Systems Engineers,0.8529,0.7171,0.3014,0.2714,0.4357,0.5657,"Engineering, Manufacturing & Construction"
17-3011.00,Architectural and Civil Drafters,0.7914,0.6043,0.64,0.2214,0.2186,0.6986,"Engineering, Manufacturing & Construction"
17-3012.00,Electrical and Electronics Drafters,0.8029,0.4914,0.4371,0.1886,0.2714,0.79,"Engineering, Manufacturing & Construction"
17-3013.00,Mechanical Drafters,0.8514,0.5414,0.5171,0.1729,0.1943,0.6929,"Engineering, Manufacturing & Construction"
17-3021.00,Aerospace Engineering and Operations Technologists and Technicians,0.9243,0.73,0.1429,0.1429,0.2057,0.7586,"Engineering, Manufacturing & Construction"
17-3022.00,Civil Engineering Technologists and Technicians,0.8214,0.7671,0.4114,0.2214,0.2857,0.7529,"Engineering, Manufacturing & Construction"
17-3023.00,Electrical and Electronic Engineering Technologists and Technicians,0.8943,0.7429,0.2514,0.2543,0.1871,0.7143,"Engineering, Manufacturing & Construction"
17-3024.00,Electro-Mechanical and Mechatronics Technologists and Technicians,1,0.6257,0.1971,0.1429,0.1429,0.6543,"Engineering, Manufacturing & Construction"
17-3024.01,Robotics Technicians,0.9914,0.5543,0.1429,0.1614,0.1957,0.6671,"Engineering, Manufacturing & Construction"
17-3025.00,Environmental Engineering Technologists and Technicians,0.8971,0.8429,0.2471,0.2086,0.1886,0.6857,"Engineering, Manufacturing & Construction"
17-3026.00,Industrial Engineering Technologists and Technicians,0.7629,0.7329,0.1743,0.2057,0.33,0.7429,"Engineering, Manufacturing & Construction"
17-3026.01,Nanotechnology Engineering Technologists and Technicians,0.88,0.7114,0.2214,0.15,0.2871,0.69,"Engineering, Manufacturing & Construction"
17-3027.00,Mechanical Engineering Technologists and Technicians,0.8943,0.7671,0.3129,0.17,0.1543,0.68,"Engineering, Manufacturing & Construction"
17-3027.01,Automotive Engineering Technicians,1,0.7671,0.2014,0.1429,0.1786,0.6357,"Engineering, Manufacturing & Construction"
17-3028.00,Calibration Technologists and Technicians,0.9,0.59,0.16,0.2229,0.1429,0.7986,"Engineering, Manufacturing & Construction"
17-3029.08,Photonics Technicians,1,0.5971,0.1429,0.1429,0.1429,0.78,"Engineering, Manufacturing & Construction"
17-3031.00,Surveying and Mapping Technicians,0.8486,0.5757,0.2729,0.1429,0.1429,0.8043,"Engineering, Manufacturing & Construction"
19-1011.00,Animal Scientists,0.7486,0.99,0.28,0.2814,0.3429,0.48,Science & Mathematics
19-1012.00,Food Scientists and Technologists,0.7214,0.8157,0.35,0.3086,0.3686,0.5643,Healthcare & Medicine
19-1013.00,Soil and Plant Scientists,0.9186,0.9586,0.3014,0.2386,0.2443,0.4871,"Engineering, Manufacturing & Construction"
19-1021.00,Biochemists and Biophysicists,0.73,1,0.3729,0.3071,0.2614,0.52,Science & Mathematics
19-1022.00,Microbiologists,0.7557,1,0.2743,0.2829,0.1529,0.55,Science & Mathematics
19-1023.00,Zoologists and Wildlife Biologists,0.7757,0.9986,0.33,0.3643,0.3329,0.5286,Science & Mathematics
19-1029.01,Bioinformatics Scientists,0.5443,1,0.3586,0.2343,0.18,0.72,Technology & IT
19-1029.02,Molecular and Cellular Biologists,0.7186,0.9514,0.2786,0.3243,0.3686,0.7286,Science & Mathematics
19-1029.04,Biologists,0.5871,1,0.3429,0.3743,0.3943,0.6357,Science & Mathematics
19-1031.00,Conservation Scientists,0.7357,0.8143,0.2814,0.41,0.4514,0.5686,Science & Mathematics
19-1031.02,Range Managers,0.8229,0.7171,0.21,0.3457,0.6271,0.5257,Business & Finance
19-1041.00,Epidemiologists,0.4029,1,0.3129,0.5871,0.3386,0.5186,Science & Mathematics
19-1042.00,"Medical Scientists, Except Epidemiologists",0.61,1,0.3457,0.47,0.3171,0.5286,Healthcare & Medicine
19-2011.00,Astronomers,0.7243,1,0.4686,0.3871,0.2671,0.5771,Science & Mathematics
19-2012.00,Physicists,0.7057,1,0.3929,0.3029,0.2529,0.6857,Science & Mathematics
19-2021.00,Atmospheric and Space Scientists,0.6814,0.8943,0.3886,0.3557,0.3829,0.6357,Science & Mathematics
19-2031.00,Chemists,0.81,0.9586,0.2171,0.1629,0.2286,0.6871,Science & Mathematics
19-2032.00,Materials Scientists,0.8314,0.9414,0.31,0.1986,0.2657,0.5929,Science & Mathematics
19-2041.00,"Environmental Scientists and Specialists, Including Health",0.68,1,0.2671,0.3929,0.3657,0.6171,Healthcare & Medicine
19-2041.02,Environmental Restoration Planners,0.7586,0.8929,0.32,0.3029,0.5186,0.59,Science & Mathematics
19-2041.03,Industrial Ecologists,0.66,1,0.3057,0.2786,0.4343,0.5686,Science & Mathematics
19-2042.00,"Geoscientists, Except Hydrologists and Geographers",0.7986,1,0.3886,0.32,0.2357,0.5943,Science & Mathematics
19-2043.00,Hydrologists,0.8343,0.9157,0.2329,0.3057,0.3271,0.6157,Business & Finance
19-2099.01,Remote Sensing Scientists and Technologists,0.6943,0.87,0.2757,0.1814,0.2057,0.6871,Healthcare & Medicine
19-3011.00,Economists,0.1929,1,0.3471,0.3429,0.5614,0.6471,Social Sciences
19-3011.01,Environmental Economists,0.3914,1,0.3614,0.3257,0.5871,0.5829,Science & Mathematics
19-3032.00,Industrial-Organizational Psychologists,0.15,0.7629,0.4471,0.57,0.6729,0.6114,Psychology & Human Services
19-3033.00,Clinical and Counseling Psychologists,0.15,0.7971,0.4371,0.9386,0.3786,0.4986,Psychology & Human Services
19-3034.00,School Psychologists,0.1429,0.7143,0.4729,0.9671,0.4029,0.5729,Psychology & Human Services
19-3039.02,Neuropsychologists,0.3757,1,0.4686,0.7557,0.2414,0.4743,Psychology & Human Services
19-3039.03,Clinical Neuropsychologists,0.4029,1,0.3429,0.8129,0.2957,0.4986,Psychology & Human Services
19-3041.00,Sociologists,0.2229,0.9286,0.57,0.6229,0.44,0.5143,Social Sciences
19-3051.00,Urban and Regional Planners,0.46,0.7586,0.4371,0.4329,0.6371,0.5657,Social Sciences
19-3091.00,Anthropologists and Archeologists,0.57,0.9771,0.6014,0.5243,0.2329,0.4557,Social Sciences
19-3092.00,Geographers,0.73,0.9629,0.5271,0.3886,0.3,0.5271,Social Sciences
19-3093.00,Historians,0.3414,0.76,0.5286,0.46,0.3357,0.6957,Social Sciences
19-3094.00,Political Scientists,0.1429,0.9586,0.5529,0.4886,0.5157,0.5029,Science & Mathematics
19-3099.01,Transportation Planners,0.5129,0.8,0.2871,0.2514,0.4486,0.6957,"Arts, Communications & Humanities"
19-4012.00,Agricultural Technicians,0.9743,0.6529,0.1429,0.2086,0.2843,0.6086,"Engineering, Manufacturing & Construction"
19-4012.01,Precision Agriculture Technicians,0.9229,0.7714,0.1757,0.1986,0.3014,0.7071,"Engineering, Manufacturing & Construction"
19-4013.00,Food Science Technicians,0.7957,0.6443,0.19,0.2471,0.28,0.72,"Engineering, Manufacturing & Construction"
19-4021.00,Biological Technicians,0.8,0.7657,0.1714,0.2814,0.1871,0.8029,"Engineering, Manufacturing & Construction"
19-4031.00,Chemical Technicians,0.7786,0.8286,0.2157,0.2343,0.1614,0.75,"Engineering, Manufacturing & Construction"
19-4042.00,"Environmental Science and Protection Technicians, Including Health",0.8329,0.8,0.1757,0.2757,0.1929,0.7043,"Engineering, Manufacturing & Construction"
19-4043.00,"Geological Technicians, Except Hydrologic Technicians",0.8,0.74,0.1829,0.2086,0.1586,0.7629,"Engineering, Manufacturing & Construction"
19-4044.00,Hydrologic Technicians,0.7829,0.7029,0.1429,0.24,0.21,0.7543,"Engineering, Manufacturing & Construction"
19-4051.00,Nuclear Technicians,0.8214,0.6529,0.1429,0.2614,0.3229,0.7243,"Engineering, Manufacturing & Construction"
19-4051.02,Nuclear Monitoring Technicians,0.8714,0.6329,0.1429,0.2714,0.2186,0.7871,"Engineering, Manufacturing & Construction"
19-4061.00,Social Science Research Assistants,0.34,0.8686,0.27,0.3814,0.3243,0.8471,Science & Mathematics
19-4071.00,Forest and Conservation Technicians,0.9329,0.6243,0.1429,0.4014,0.3529,0.6743,"Engineering, Manufacturing & Construction"
19-4092.00,Forensic Science Technicians,0.74,0.8486,0.2529,0.2143,0.2271,0.7114,"Engineering, Manufacturing & Construction"
19-4099.03,Remote Sensing Technicians,0.7286,0.6571,0.3057,0.2157,0.2443,0.7486,"Engineering, Manufacturing & Construction"
19-5011.00,Occupational Health and Safety Specialists,0.6357,0.7114,0.1829,0.4929,0.4571,0.6714,Healthcare & Medicine
19-5012.00,Occupational Health and Safety Technicians,0.7643,0.6971,0.1429,0.41,0.3771,0.7943,"Engineering, Manufacturing & Construction"
21-1011.00,Substance Abuse and Behavioral Disorder Counselors,0.2271,0.5443,0.37,0.9514,0.3871,0.4514,Psychology & Human Services
21-1012.00,"Educational, Guidance, and Career Counselors and Advisors",0.1429,0.4714,0.4471,1,0.56,0.5843,Psychology & Human Services
21-1013.00,Marriage and Family Therapists,0.2129,0.76,0.5114,0.8886,0.2543,0.4143,Psychology & Human Services
21-1014.00,Mental Health Counselors,0.1871,0.6314,0.4371,0.97,0.4229,0.49,Psychology & Human Services
21-1015.00,Rehabilitation Counselors,0.1757,0.4671,0.4257,0.9714,0.5086,0.4657,Psychology & Human Services
21-1021.00,"Child, Family, and School Social Workers",0.2429,0.4743,0.4143,0.9786,0.42,0.51,Psychology & Human Services
21-1022.00,Healthcare Social Workers,0.28,0.6057,0.3343,0.9886,0.3643,0.4386,Psychology & Human Services
21-1023.00,Mental Health and Substance Abuse Social Workers,0.2443,0.5829,0.3971,0.9957,0.3514,0.4457,Psychology & Human Services
21-1091.00,Health Education Specialists,0.2371,0.7557,0.3629,0.8786,0.4586,0.5643,Healthcare & Medicine
21-1092.00,Probation Officers and Correctional Treatment Specialists,0.3357,0.4914,0.3071,0.7943,0.56,0.5971,Psychology & Human Services
21-1093.00,Social and Human Service Assistants,0.1829,0.4,0.2786,0.87,0.5157,0.6529,Psychology & Human Services
21-1094.00,Community Health Workers,0.2857,0.4986,0.3171,0.94,0.5043,0.4829,Healthcare & Medicine
21-2011.00,Clergy,0.3,0.3014,0.4914,0.8443,0.5957,0.4129,Psychology & Human Services
21-2021.00,"Directors, Religious Activities and Education",0.1429,0.3871,0.4829,1,0.88,0.4514,Education
23-1011.00,Lawyers,0.16,0.6257,0.3429,0.4971,0.7871,0.6557,Law & Public Policy
23-1012.00,Judicial Law Clerks,0.2286,0.5729,0.2957,0.4829,0.6443,0.7286,Law & Public Policy
23-1021.00,"Administrative Law Judges, Adjudicators, and Hearing Officers",0.1429,0.5729,0.2471,0.4357,0.73,0.7843,Law & Public Policy
23-1022.00,"Arbitrators, Mediators, and Conciliators",0.16,0.5157,0.3214,0.6057,0.6614,0.6186,"Arts, Communications & Humanities"
23-1023.00,"Judges, Magistrate Judges, and Magistrates",0.3329,0.5443,0.3129,0.5657,0.7529,0.5871,Law & Public Policy
23-2011.00,Paralegals and Legal Assistants,0.2486,0.72,0.32,0.4457,0.56,0.7543,Law & Public Policy
23-2093.00,"Title Examiners, Abstractors, and Searchers",0.3486,0.3757,0.1586,0.3343,0.4914,0.9629,"Arts, Communications & Humanities"
25-1011.00,"Business Teachers, Postsecondary",0.2857,0.6929,0.4571,0.9186,0.5471,0.5386,Education
25-1021.00,"Computer Science Teachers, Postsecondary",0.4414,0.8129,0.4743,0.84,0.3229,0.5671,Technology & IT
25-1022.00,"Mathematical Science Teachers, Postsecondary",0.4014,0.8371,0.4571,0.8843,0.2771,0.6257,Education
25-1031.00,"Architecture Teachers, Postsecondary",0.49,0.7329,0.64,0.9671,0.3514,0.4571,"Engineering, Manufacturing & Construction"
25-1032.00,"Engineering Teachers, Postsecondary",0.6914,0.77,0.4514,0.8243,0.2871,0.4914,"Engineering, Manufacturing & Construction"
25-1041.00,"Agricultural Sciences Teachers, Postsecondary",0.5671,0.7657,0.4171,0.8914,0.3729,0.5014,Education
25-1042.00,"Biological Science Teachers, Postsecondary",0.5657,0.84,0.4714,0.8929,0.2914,0.5214,Education
25-1043.00,"Forestry and Conservation Science Teachers, Postsecondary",0.5671,0.8443,0.45,0.9243,0.3457,0.4771,Education
25-1051.00,"Atmospheric, Earth, Marine, and Space Sciences Teachers, Postsecondary",0.5714,0.8014,0.4486,0.93,0.3386,0.5143,Education
25-1052.00,"Chemistry Teachers, Postsecondary",0.5786,0.8314,0.4214,0.8157,0.2986,0.54,Education
25-1053.00,"Environmental Science Teachers, Postsecondary",0.53,0.9057,0.4814,0.8929,0.3557,0.4886,Education
25-1054.00,"Physics Teachers, Postsecondary",0.5386,0.8543,0.4686,0.8657,0.3357,0.52,Education
25-1061.00,"Anthropology and Archeology Teachers, Postsecondary",0.4943,0.8514,0.51,0.9643,0.3529,0.47,Education
25-1062.00,"Area, Ethnic, and Cultural Studies Teachers, Postsecondary",0.4357,0.7586,0.5486,0.9886,0.4286,0.4329,Education
25-1063.00,"Economics Teachers, Postsecondary",0.39,0.7943,0.4314,0.8871,0.48,0.5571,Education
25-1064.00,"Geography Teachers, Postsecondary",0.4629,0.8071,0.5271,0.9657,0.3729,0.5243,Education
25-1065.00,"Political Science Teachers, Postsecondary",0.2786,0.7814,0.5314,0.9814,0.4643,0.4314,Education
25-1066.00,"Psychology Teachers, Postsecondary",0.3043,0.7986,0.5514,1,0.3314,0.4714,Psychology & Human Services
25-1067.00,"Sociology Teachers, Postsecondary",0.3671,0.8157,0.5114,0.9571,0.3614,0.4671,Education
25-1071.00,"Health Specialties Teachers, Postsecondary",0.4671,0.7757,0.4286,1,0.2843,0.5029,Healthcare & Medicine
25-1072.00,"Nursing Instructors and Teachers, Postsecondary",0.42,0.7014,0.47,1,0.3043,0.45,Healthcare & Medicine
25-1081.00,"Education Teachers, Postsecondary",0.3814,0.6814,0.4957,1,0.3829,0.5157,Education
25-1082.00,"Library Science Teachers, Postsecondary",0.4186,0.7771,0.4671,0.8957,0.3086,0.5943,Education
25-1111.00,"Criminal Justice and Law Enforcement Teachers, Postsecondary",0.3429,0.6971,0.4757,0.9786,0.4814,0.5086,Education
25-1112.00,"Law Teachers, Postsecondary",0.3443,0.7643,0.4843,0.9229,0.4986,0.5314,Education
25-1113.00,"Social Work Teachers, Postsecondary",0.3143,0.7186,0.5514,1,0.4071,0.4314,Psychology & Human Services
25-1121.00,"Art, Drama, and Music Teachers, Postsecondary",0.4329,0.5914,0.8186,0.9986,0.3029,0.3729,Education
25-1122.00,"Communications Teachers, Postsecondary",0.3114,0.66,0.5457,0.9929,0.4471,0.5114,Education
25-1123.00,"English Language and Literature Teachers, Postsecondary",0.3257,0.6829,0.5986,1,0.3471,0.4986,Education
25-1124.00,"Foreign Language and Literature Teachers, Postsecondary",0.3014,0.6457,0.58,1,0.36,0.5043,Education
25-1125.00,"History Teachers, Postsecondary",0.4014,0.7729,0.5643,0.9929,0.3714,0.4929,Education
25-1126.00,"Philosophy and Religion Teachers, Postsecondary",0.3514,0.7343,0.5371,1,0.3957,0.4971,Education
25-1192.00,"Family and Consumer Sciences Teachers, Postsecondary",0.4186,0.6929,0.4971,1,0.3986,0.4814,Education
25-1193.00,"Recreation and Fitness Studies Teachers, Postsecondary",0.4557,0.67,0.48,1,0.3643,0.5243,Education
25-1194.00,"Career/Technical Education Teachers, Postsecondary",0.5357,0.5929,0.45,0.9443,0.3014,0.47,Education
25-2011.00,"Preschool Teachers, Except Special Education",0.42,0.3943,0.5686,1,0.3557,0.5157,Education
25-2012.00,"Kindergarten Teachers, Except Special Education",0.3829,0.4443,0.57,1,0.3543,0.5429,Education
25-2021.00,"Elementary School Teachers, Except Special Education",0.3771,0.4786,0.5529,1,0.3671,0.54,Education
25-2022.00,"Middle School Teachers, Except Special and Career/Technical Education",0.37,0.4729,0.5857,1,0.38,0.5086,Education
25-2023.00,"Career/Technical Education Teachers, Middle School",0.4686,0.4729,0.4829,1,0.3243,0.5457,Education
25-2031.00,"Secondary School Teachers, Except Special and Career/Technical Education",0.39,0.4557,0.5386,1,0.4143,0.5157,Education
25-2032.00,"Career/Technical Education Teachers, Secondary School",0.4086,0.4829,0.4943,1,0.36,0.56,Education
25-2051.00,"Special Education Teachers, Preschool",0.3857,0.4986,0.5686,1,0.2429,0.4543,Education
25-2055.00,"Special Education Teachers, Kindergarten",0.3643,0.5429,0.5214,1,0.2471,0.5243,Education
25-2056.00,"Special Education Teachers, Elementary School",0.3243,0.5629,0.5214,1,0.2529,0.4971,Education
25-2057.00,"Special Education Teachers, Middle School",0.3314,0.56,0.5657,1,0.2571,0.4714,Education
25-2058.00,"Special Education Teachers, Secondary School",0.3414,0.5443,0.5371,1,0.2757,0.5029,Education
25-2059.01,Adapted Physical Education Specialists,0.5886,0.5214,0.3514,1,0.2686,0.5957,Education
25-3011.00,"Adult Basic Education, Adult Secondary Education, and English as a Second Language Instructors",0.3314,0.4486,0.5586,1,0.4071,0.4829,Education
25-3021.00,Self-Enrichment Teachers,0.3586,0.4243,0.5971,1,0.4571,0.44,Education
25-3031.00,"Substitute Teachers, Short-Term",0.3129,0.36,0.49,0.9614,0.35,0.5214,Education
25-3041.00,Tutors,0.3257,0.4071,0.4386,0.9643,0.2486,0.4786,Education
25-4011.00,Archivists,0.4114,0.6743,0.4129,0.4229,0.2614,0.8529,Education
25-4012.00,Curators,0.3529,0.49,0.4257,0.5457,0.5486,0.7657,Education
25-4013.00,Museum Technicians and Conservators,0.81,0.4586,0.4486,0.3771,0.2157,0.6543,"Engineering, Manufacturing & Construction"
25-4022.00,Librarians and Media Collections Specialists,0.3314,0.5186,0.3786,0.5771,0.3929,0.8329,Education
25-4031.00,Library Technicians,0.44,0.3857,0.2271,0.5814,0.2686,0.9314,"Engineering, Manufacturing & Construction"
25-9021.00,Farm and Home Management Educators,0.5657,0.6114,0.33,0.69,0.4986,0.4543,Education
25-9031.00,Instructional Coordinators,0.2314,0.5771,0.5086,0.88,0.6086,0.5686,Education
25-9042.00,"Teaching Assistants, Preschool, Elementary, Middle, and Secondary School, Except Special Education",0.3643,0.3286,0.3971,0.9314,0.4257,0.6071,Education
25-9043.00,"Teaching Assistants, Special Education",0.2829,0.47,0.4771,1,0.3057,0.51,Education
25-9044.00,"Teaching Assistants, Postsecondary",0.3071,0.4471,0.2871,0.9329,0.3986,0.7129,Education
27-1011.00,Art Directors,0.4214,0.3843,1,0.4114,0.7486,0.5143,"Arts, Communications & Humanities"
27-1012.00,Craft Artists,0.8414,0.2643,0.8471,0.24,0.4086,0.38,"Arts, Communications & Humanities"
27-1013.00,"Fine Artists, Including Painters, Sculptors, and Illustrators",0.5786,0.3829,1,0.3257,0.3386,0.3343,"Arts, Communications & Humanities"
27-1014.00,Special Effects Artists and Animators,0.53,0.3957,1,0.3114,0.3743,0.4471,"Arts, Communications & Humanities"
27-1021.00,Commercial and Industrial Designers,0.66,0.58,0.7914,0.2629,0.5286,0.4957,"Arts, Communications & Humanities"
27-1022.00,Fashion Designers,0.62,0.31,1,0.3357,0.5657,0.42,"Arts, Communications & Humanities"
27-1023.00,Floral Designers,0.7243,0.2343,0.6357,0.35,0.5343,0.5543,"Arts, Communications & Humanities"
27-1024.00,Graphic Designers,0.4829,0.4086,1,0.3086,0.49,0.56,"Arts, Communications & Humanities"
27-1025.00,Interior Designers,0.5886,0.4386,0.7943,0.3829,0.5286,0.5457,"Arts, Communications & Humanities"
27-1027.00,Set and Exhibit Designers,0.5286,0.3929,0.9557,0.4343,0.5614,0.4671,Technology & IT
27-2011.00,Actors,0.3271,0.3086,1,0.5829,0.5714,0.2586,"Arts, Communications & Humanities"
27-2012.00,Producers and Directors,0.3043,0.32,0.8771,0.4457,0.8257,0.5086,"Arts, Communications & Humanities"
27-2012.03,Media Programming Directors,0.2043,0.3214,0.5843,0.5257,0.9357,0.6614,Technology & IT
27-2012.04,Talent Directors,0.1743,0.2029,0.8129,0.61,0.8471,0.51,"Arts, Communications & Humanities"
27-2012.05,Media Technical Directors/Managers,0.5657,0.3971,0.4914,0.3729,0.74,0.6386,"Arts, Communications & Humanities"
27-2021.00,Athletes and Sports Competitors,0.74,0.2,0.3057,0.6143,0.6471,0.43,"Arts, Communications & Humanities"
27-2022.00,Coaches and Scouts,0.6071,0.3071,0.3471,0.7586,0.7357,0.4929,Education
27-2023.00,"Umpires, Referees, and Other Sports Officials",0.6143,0.2286,0.1643,0.4914,0.8243,0.6471,"Arts, Communications & Humanities"
27-2031.00,Dancers,0.69,0.2043,0.9129,0.5214,0.4543,0.23,"Arts, Communications & Humanities"
27-2032.00,Choreographers,0.5186,0.3171,1,0.5657,0.5386,0.3043,"Arts, Communications & Humanities"
27-2041.00,Music Directors and Composers,0.2957,0.3257,1,0.4343,0.6886,0.3757,"Arts, Communications & Humanities"
27-2042.00,Musicians and Singers,0.41,0.2186,0.9514,0.4871,0.4886,0.31,"Arts, Communications & Humanities"
27-3011.00,Broadcast Announcers and Radio Disc Jockeys,0.2371,0.2871,0.8114,0.5057,0.6257,0.4443,"Arts, Communications & Humanities"
27-3023.00,"News Analysts, Reporters, and Journalists",0.21,0.5943,0.7271,0.4,0.5643,0.52,"Arts, Communications & Humanities"
27-3031.00,Public Relations Specialists,0.1429,0.3886,0.6686,0.5629,0.8314,0.4929,"Arts, Communications & Humanities"
27-3041.00,Editors,0.1471,0.4143,0.77,0.3657,0.59,0.6686,"Arts, Communications & Humanities"
27-3042.00,Technical Writers,0.3971,0.5271,0.6043,0.2871,0.2814,0.76,"Arts, Communications & Humanities"
27-3043.00,Writers and Authors,0.1429,0.4643,0.9543,0.4086,0.6786,0.4771,"Arts, Communications & Humanities"
27-3043.05,"Poets, Lyricists and Creative Writers",0.1671,0.5114,1,0.4043,0.4529,0.4114,"Arts, Communications & Humanities"
27-3091.00,Interpreters and Translators,0.27,0.4557,0.6114,0.4971,0.2714,0.6843,"Arts, Communications & Humanities"
27-3092.00,Court Reporters and Simultaneous Captioners,0.3157,0.3043,0.4171,0.4143,0.3771,0.8029,"Arts, Communications & Humanities"
27-4011.00,Audio and Video Technicians,0.7429,0.3914,0.4629,0.2814,0.2671,0.6543,"Engineering, Manufacturing & Construction"
27-4012.00,Broadcast Technicians,0.6857,0.4271,0.4029,0.3043,0.3571,0.7343,"Engineering, Manufacturing & Construction"
27-4014.00,Sound Engineering Technicians,0.7343,0.3829,0.6357,0.2414,0.3086,0.6029,"Engineering, Manufacturing & Construction"
27-4015.00,Lighting Technicians,0.9986,0.2886,0.34,0.1771,0.2786,0.5871,"Engineering, Manufacturing & Construction"
27-4021.00,Photographers,0.7914,0.3114,0.7543,0.2771,0.3257,0.4786,"Arts, Communications & Humanities"
27-4031.00,"Camera Operators, Television, Video, and Film",0.6986,0.2857,0.72,0.2571,0.3257,0.5214,"Engineering, Manufacturing & Construction"
27-4032.00,Film and Video Editors,0.4486,0.2729,0.8014,0.28,0.44,0.5357,"Arts, Communications & Humanities"
29-1011.00,Chiropractors,0.79,0.6814,0.1914,0.7943,0.3043,0.5071,Healthcare & Medicine
29-1021.00,"Dentists, General",0.7471,0.7829,0.1671,0.63,0.2857,0.53,Healthcare & Medicine
29-1022.00,Oral and Maxillofacial Surgeons,0.8214,0.8343,0.1671,0.6386,0.31,0.5143,Healthcare & Medicine
29-1031.00,Dietitians and Nutritionists,0.4329,0.6857,0.3429,0.7857,0.4886,0.4786,Healthcare & Medicine
29-1041.00,Optometrists,0.6857,0.8257,0.2286,0.7171,0.3243,0.56,Healthcare & Medicine
29-1051.00,Pharmacists,0.4029,0.81,0.2114,0.6971,0.3743,0.6514,Healthcare & Medicine
29-1071.00,Physician Assistants,0.5714,0.7057,0.1657,0.8414,0.2829,0.6371,Healthcare & Medicine
29-1071.01,Anesthesiologist Assistants,0.6286,0.66,0.1429,0.7,0.27,0.7286,Business & Finance
29-1122.00,Occupational Therapists,0.51,0.6043,0.4386,0.8686,0.2614,0.4457,Psychology & Human Services
29-1122.01,"Low Vision Therapists, Orientation and Mobility Specialists, and Vision Rehabilitation Therapists",0.5614,0.5557,0.4571,0.9314,0.3029,0.4043,Psychology & Human Services
29-1123.00,Physical Therapists,0.6186,0.6957,0.31,0.8443,0.3557,0.4386,Psychology & Human Services
29-1124.00,Radiation Therapists,0.7086,0.6629,0.1771,0.6814,0.2457,0.64,Psychology & Human Services
29-1125.00,Recreational Therapists,0.5271,0.6171,0.41,0.9743,0.3586,0.3814,Psychology & Human Services
29-1126.00,Respiratory Therapists,0.7186,0.6757,0.1429,0.6971,0.24,0.5614,Psychology & Human Services
29-1127.00,Speech-Language Pathologists,0.3743,0.7957,0.4286,0.87,0.2057,0.5757,Business & Finance
29-1128.00,Exercise Physiologists,0.7514,0.7029,0.2129,0.6771,0.4271,0.5357,Business & Finance
29-1129.01,Art Therapists,0.4271,0.5243,0.7843,0.8057,0.3314,0.4086,Psychology & Human Services
29-1129.02,Music Therapists,0.3371,0.5971,0.68,0.7471,0.3586,0.45,Psychology & Human Services
29-1131.00,Veterinarians,0.8543,0.8543,0.1429,0.4929,0.2429,0.4957,Healthcare & Medicine
29-1141.00,Registered Nurses,0.4943,0.6729,0.1914,0.7957,0.34,0.6786,Healthcare & Medicine
29-1141.01,Acute Care Nurses,0.5286,0.8086,0.25,0.8286,0.2514,0.4743,Healthcare & Medicine
29-1141.02,Advanced Practice Psychiatric Nurses,0.37,0.8429,0.4029,0.8671,0.2914,0.4786,Healthcare & Medicine
29-1141.03,Critical Care Nurses,0.5586,0.7171,0.2429,0.7943,0.3143,0.6043,Healthcare & Medicine
29-1141.04,Clinical Nurse Specialists,0.3343,0.6943,0.2586,0.89,0.5271,0.5771,Healthcare & Medicine
29-1151.00,Nurse Anesthetists,0.6829,0.7229,0.1429,0.7643,0.28,0.5929,Healthcare & Medicine
29-1161.00,Nurse Midwives,0.4629,0.6071,0.2771,0.8514,0.4243,0.4857,Healthcare & Medicine
29-1171.00,Nurse Practitioners,0.5086,0.7914,0.1971,0.7886,0.2957,0.58,Healthcare & Medicine
29-1181.00,Audiologists,0.5686,0.8471,0.3114,0.8457,0.2586,0.5671,Healthcare & Medicine
29-1211.00,Anesthesiologists,0.74,0.8186,0.1671,0.75,0.3571,0.5271,Business & Finance
29-1212.00,Cardiologists,0.7086,0.9814,0.1643,0.6757,0.3257,0.5714,Business & Finance
29-1213.00,Dermatologists,0.6871,0.92,0.2671,0.6643,0.2529,0.5471,Business & Finance
29-1214.00,Emergency Medicine Physicians,0.5929,0.8057,0.1429,0.8,0.3829,0.6029,Healthcare & Medicine
29-1215.00,Family Medicine Physicians,0.5357,0.8686,0.2071,0.8871,0.3343,0.5643,Healthcare & Medicine
29-1216.00,General Internal Medicine Physicians,0.6329,0.9729,0.2057,0.8686,0.3,0.5186,Healthcare & Medicine
29-1217.00,Neurologists,0.5857,1,0.2971,0.7171,0.3414,0.5271,Business & Finance
29-1218.00,Obstetricians and Gynecologists,0.6557,0.7857,0.2071,0.7786,0.3914,0.5314,Science & Mathematics
29-1221.00,"Pediatricians, General",0.52,0.8829,0.2686,0.9486,0.3629,0.5114,Healthcare & Medicine
29-1222.00,"Physicians, Pathologists",0.6943,1,0.1943,0.5143,0.2514,0.6743,Healthcare & Medicine
29-1224.00,Radiologists,0.6986,0.9457,0.1957,0.55,0.31,0.6386,Business & Finance
29-1229.01,Allergists and Immunologists,0.5486,0.9929,0.2643,0.7571,0.3143,0.5243,Business & Finance
29-1229.03,Urologists,0.6929,0.9786,0.1871,0.7786,0.3171,0.49,Business & Finance
29-1229.04,Physical Medicine and Rehabilitation Physicians,0.7029,0.8943,0.2671,0.8571,0.2414,0.4286,Psychology & Human Services
29-1229.05,Preventive Medicine Physicians,0.4814,0.9571,0.2686,0.7757,0.3386,0.4843,Healthcare & Medicine
29-1229.06,Sports Medicine Physicians,0.7414,0.7657,0.1714,0.7529,0.4771,0.5029,Healthcare & Medicine
29-1241.00,"Ophthalmologists, Except Pediatric",0.6286,0.8914,0.2429,0.78,0.4257,0.5314,Business & Finance
29-1242.00,"Orthopedic Surgeons, Except Pediatric",0.7257,0.9286,0.2114,0.6886,0.3371,0.5586,Healthcare & Medicine
29-1243.00,Pediatric Surgeons,0.7071,0.9314,0.2214,0.7129,0.3471,0.5586,Healthcare & Medicine
29-1291.00,Acupuncturists,0.6857,0.7843,0.2971,0.8071,0.2286,0.4371,Healthcare & Medicine
29-1292.00,Dental Hygienists,0.7529,0.6457,0.16,0.7643,0.2471,0.6157,Healthcare & Medicine
29-1299.01,Naturopathic Physicians,0.6471,0.8414,0.2586,0.8186,0.2829,0.4643,Healthcare & Medicine
29-2011.00,Medical and Clinical Laboratory Technologists,0.83,0.8786,0.1614,0.3957,0.2157,0.7129,Healthcare & Medicine
29-2011.01,Cytogenetic Technologists,0.76,0.8443,0.2114,0.2757,0.2229,0.7171,Healthcare & Medicine
29-2011.02,Cytotechnologists,0.8457,0.8657,0.1571,0.3443,0.2629,0.6986,Healthcare & Medicine
29-2011.04,Histotechnologists,0.8171,0.9371,0.1871,0.4129,0.15,0.7371,Healthcare & Medicine
29-2012.00,Medical and Clinical Laboratory Technicians,0.8586,0.8414,0.1429,0.4114,0.1429,0.6929,"Engineering, Manufacturing & Construction"
29-2012.01,Histology Technicians,0.8986,0.7671,0.18,0.3029,0.1429,0.7186,"Engineering, Manufacturing & Construction"
29-2031.00,Cardiovascular Technologists and Technicians,0.8014,0.7586,0.1429,0.6071,0.1857,0.6714,"Engineering, Manufacturing & Construction"
29-2032.00,Diagnostic Medical Sonographers,0.8386,0.6786,0.1886,0.5857,0.2157,0.7214,Healthcare & Medicine
29-2033.00,Nuclear Medicine Technologists,0.8557,0.7957,0.1429,0.44,0.1871,0.7429,Healthcare & Medicine
29-2034.00,Radiologic Technologists and Technicians,0.8429,0.6971,0.1429,0.4871,0.1429,0.7257,"Engineering, Manufacturing & Construction"
29-2035.00,Magnetic Resonance Imaging Technologists,0.78,0.6843,0.1429,0.5014,0.1814,0.7043,Healthcare & Medicine
29-2036.00,Medical Dosimetrists,0.6529,0.7571,0.1886,0.51,0.3157,0.7143,Healthcare & Medicine
29-2042.00,Emergency Medical Technicians,0.78,0.6529,0.1429,0.7943,0.2229,0.5371,"Engineering, Manufacturing & Construction"
29-2043.00,Paramedics,0.7429,0.7186,0.1429,0.7843,0.2729,0.4886,Healthcare & Medicine
29-2051.00,Dietetic Technicians,0.5443,0.4929,0.3629,0.7214,0.3671,0.5457,"Engineering, Manufacturing & Construction"
29-2052.00,Pharmacy Technicians,0.6014,0.4271,0.1429,0.4743,0.36,1,"Engineering, Manufacturing & Construction"
29-2053.00,Psychiatric Technicians,0.47,0.6529,0.3029,0.99,0.2086,0.4943,"Engineering, Manufacturing & Construction"
29-2055.00,Surgical Technologists,0.8943,0.46,0.1429,0.5457,0.23,0.6929,Healthcare & Medicine
29-2056.00,Veterinary Technologists and Technicians,0.9586,0.7514,0.1429,0.4314,0.1429,0.6514,"Engineering, Manufacturing & Construction"
29-2057.00,Ophthalmic Medical Technicians,0.7614,0.6871,0.1429,0.6629,0.25,0.63,"Engineering, Manufacturing & Construction"
29-2061.00,Licensed Practical and Licensed Vocational Nurses,0.6543,0.5243,0.15,0.7857,0.3043,0.6543,Healthcare & Medicine
29-2072.00,Medical Records Specialists,0.4086,0.6186,0.1429,0.4871,0.2686,0.9929,Healthcare & Medicine
29-2099.01,Neurodiagnostic Technologists,0.76,0.83,0.2014,0.53,0.2029,0.6386,Healthcare & Medicine
29-2099.05,Ophthalmic Medical Technologists,0.7729,0.6729,0.16,0.6171,0.2886,0.6757,Healthcare & Medicine
29-9021.00,Health Information Technologists and Medical Registrars,0.3686,0.7386,0.1686,0.5471,0.3143,0.85,Technology & IT
29-9091.00,Athletic Trainers,0.8043,0.6286,0.1643,0.8214,0.32,0.46,"Arts, Communications & Humanities"
29-9092.00,Genetic Counselors,0.2371,0.8371,0.3343,0.7786,0.39,0.5557,Psychology & Human Services
29-9099.01,Midwives,0.5686,0.5057,0.2729,0.8629,0.3857,0.4657,Healthcare & Medicine
31-1121.00,Home Health Aides,0.6043,0.4543,0.2114,0.9043,0.2529,0.5014,Healthcare & Medicine
31-1131.00,Nursing Assistants,0.6543,0.3886,0.1429,0.8143,0.2529,0.6057,Healthcare & Medicine
31-2021.00,Physical Therapist Assistants,0.6357,0.5214,0.2186,0.9157,0.1871,0.5371,Psychology & Human Services
31-2022.00,Physical Therapist Aides,0.6771,0.3686,0.1529,0.85,0.2943,0.56,Psychology & Human Services
31-9011.00,Massage Therapists,0.6914,0.5414,0.3186,0.8214,0.3,0.38,Psychology & Human Services
31-9092.00,Medical Assistants,0.58,0.5429,0.1429,0.6857,0.2829,0.8214,Healthcare & Medicine
31-9093.00,Medical Equipment Preparers,0.9671,0.4886,0.1429,0.3371,0.1429,0.79,"Engineering, Manufacturing & Construction"
31-9094.00,Medical Transcriptionists,0.3529,0.5143,0.2486,0.5271,0.18,0.8929,Healthcare & Medicine
31-9095.00,Pharmacy Aides,0.5357,0.2243,0.1429,0.4443,0.5486,0.97,Healthcare & Medicine
31-9096.00,Veterinary Assistants and Laboratory Animal Caretakers,0.9043,0.6071,0.1429,0.5014,0.1429,0.5657,Healthcare & Medicine
31-9097.00,Phlebotomists,0.7771,0.67,0.1429,0.5143,0.2,0.7743,Healthcare & Medicine
31-9099.02,Endoscopy Technicians,0.9229,0.5843,0.1429,0.4286,0.1529,0.7343,"Engineering, Manufacturing & Construction"
33-1011.00,First-Line Supervisors of Correctional Officers,0.5114,0.2571,0.1429,0.6486,0.9029,0.7229,Law & Public Policy
33-1012.00,First-Line Supervisors of Police and Detectives,0.4929,0.3343,0.1443,0.54,0.9829,0.7271,Law & Public Policy
33-1021.00,First-Line Supervisors of Firefighting and Prevention Workers,0.7343,0.3229,0.1429,0.5314,0.8786,0.6657,Law & Public Policy
33-2011.00,Firefighters,0.9271,0.4171,0.1871,0.4843,0.43,0.4957,Law & Public Policy
33-2021.00,Fire Inspectors and Investigators,0.7843,0.6186,0.1457,0.37,0.4743,0.74,Law & Public Policy
33-2022.00,Forest Fire Inspectors and Prevention Specialists,0.9071,0.5086,0.1586,0.4543,0.4871,0.6529,Law & Public Policy
33-3011.00,Bailiffs,0.6843,0.3086,0.1429,0.4686,0.5714,0.64,Law & Public Policy
33-3012.00,Correctional Officers and Jailers,0.7614,0.2414,0.15,0.5514,0.4514,0.6871,Law & Public Policy
33-3021.00,Detectives and Criminal Investigators,0.5971,0.7,0.1714,0.39,0.5771,0.69,Law & Public Policy
33-3021.02,Police Identification and Records Officers,0.69,0.5257,0.2257,0.2814,0.4186,0.8057,Law & Public Policy
33-3031.00,Fish and Game Wardens,0.9143,0.5586,0.1429,0.34,0.4314,0.6057,Law & Public Policy
33-3051.00,Police and Sheriff's Patrol Officers,0.7657,0.3943,0.1529,0.4929,0.5829,0.6214,Law & Public Policy
33-3052.00,Transit and Railroad Police,0.8814,0.3257,0.1429,0.3586,0.4586,0.7057,Technology & IT
33-9021.00,Private Detectives and Investigators,0.3414,0.5571,0.2029,0.41,0.5814,0.7786,Law & Public Policy
33-9031.00,Gambling Surveillance Officers and Gambling Investigators,0.5914,0.31,0.1429,0.3071,0.6829,0.8029,Law & Public Policy
33-9092.00,"Lifeguards, Ski Patrol, and Other Recreational Protective Service Workers",0.8957,0.3386,0.1429,0.6057,0.4114,0.4914,Law & Public Policy
33-9093.00,Transportation Security Screeners,0.7443,0.2871,0.1429,0.35,0.3729,0.7871,"Arts, Communications & Humanities"
33-9099.02,Retail Loss Prevention Specialists,0.5571,0.4914,0.1429,0.3871,0.6814,0.81,Business & Finance
35-3011.00,Bartenders,0.6643,0.1429,0.3286,0.5343,0.55,0.6471,"Arts, Communications & Humanities"
35-9011.00,Dining Room and Cafeteria Attendants and Bartender Helpers,0.8043,0.1429,0.1457,0.5229,0.3229,0.6529,"Arts, Communications & Humanities"
37-1012.00,"First-Line Supervisors of Landscaping, Lawn Service, and Groundskeeping Workers",0.65,0.2529,0.1471,0.43,0.8729,0.7486,Law & Public Policy
39-1014.00,"First-Line Supervisors of Entertainment and Recreation Workers, Except Gambling Services",0.4143,0.1471,0.2557,0.6286,1,0.6743,"Arts, Communications & Humanities"
39-3012.00,Gambling and Sports Book Writers and Runners,0.3971,0.1429,0.1457,0.4171,0.7129,0.8529,"Arts, Communications & Humanities"
39-4012.00,Crematory Operators,0.8514,0.3014,0.2086,0.39,0.2129,0.6229,"Engineering, Manufacturing & Construction"
39-5012.00,"Hairdressers, Hairstylists, and Cosmetologists",0.7714,0.22,0.4629,0.5314,0.4643,0.56,Business & Finance
39-5091.00,"Makeup Artists, Theatrical and Performance",0.6186,0.1957,0.96,0.4286,0.44,0.43,"Arts, Communications & Humanities"
39-9031.00,Exercise Trainers and Group Fitness Instructors,0.7471,0.3871,0.3429,0.8029,0.5014,0.4257,Education
41-1011.00,First-Line Supervisors of Retail Sales Workers,0.3929,0.1629,0.1429,0.52,1,0.8014,Business & Finance
41-1012.00,First-Line Supervisors of Non-Retail Sales Workers,0.2486,0.1586,0.1429,0.5829,1,0.7586,Business & Finance
41-2021.00,Counter and Rental Clerks,0.4529,0.1429,0.1814,0.4714,0.5514,0.8429,Business & Finance
41-2022.00,Parts Salespersons,0.8057,0.2286,0.1429,0.28,0.5471,0.7314,"Arts, Communications & Humanities"
41-2031.00,Retail Salespersons,0.4571,0.1429,0.2829,0.4229,0.8757,0.7386,Business & Finance
41-3011.00,Advertising Sales Agents,0.1686,0.2171,0.52,0.4229,0.95,0.62,Business & Finance
41-3021.00,Insurance Sales Agents,0.1429,0.3214,0.1557,0.53,0.85,0.78,Business & Finance
41-3031.00,"Securities, Commodities, and Financial Services Sales Agents",0.18,0.3614,0.1843,0.4386,0.8686,0.7529,Business & Finance
41-3041.00,Travel Agents,0.1643,0.2157,0.2714,0.6157,0.8257,0.8243,Business & Finance
41-3091.00,"Sales Representatives of Services, Except Advertising, Insurance, Financial Services, and Travel",0.1529,0.2771,0.2071,0.5357,0.9614,0.7243,Business & Finance
41-4011.00,"Sales Representatives, Wholesale and Manufacturing, Technical and Scientific Products",0.4,0.45,0.2057,0.4457,0.7529,0.7343,"Engineering, Manufacturing & Construction"
41-4011.07,Solar Sales Representatives and Assessors,0.5029,0.39,0.1986,0.3929,0.7943,0.6329,Business & Finance
41-4012.00,"Sales Representatives, Wholesale and Manufacturing, Except Technical and Scientific Products",0.3757,0.32,0.2357,0.3843,0.8743,0.7029,"Engineering, Manufacturing & Construction"
41-9021.00,Real Estate Brokers,0.3871,0.2171,0.1429,0.4143,0.9257,0.8229,Science & Mathematics
41-9022.00,Real Estate Sales Agents,0.3029,0.21,0.2743,0.5029,0.9229,0.7057,Science & Mathematics
41-9031.00,Sales Engineers,0.4829,0.5114,0.2514,0.4029,0.8257,0.6443,"Engineering, Manufacturing & Construction"
41-9041.00,Telemarketers,0.2671,0.1557,0.1771,0.5157,0.7657,0.7243,Business & Finance
41-9091.00,"Door-to-Door Sales Workers, News and Street Vendors, and Related Workers",0.5086,0.1429,0.2914,0.3986,0.7886,0.6714,Business & Finance
43-1011.00,First-Line Supervisors of Office and Administrative Support Workers,0.2257,0.1971,0.1429,0.6186,0.9857,0.8143,Business & Finance
43-2011.00,"Switchboard Operators, Including Answering Service",0.5186,0.1986,0.1429,0.4157,0.4543,0.85,"Engineering, Manufacturing & Construction"
43-2021.00,Telephone Operators,0.4614,0.1629,0.1429,0.5786,0.4757,0.8871,"Engineering, Manufacturing & Construction"
43-3011.00,Bill and Account Collectors,0.2971,0.1429,0.1429,0.4657,0.6229,1,Business & Finance
43-3021.00,Billing and Posting Clerks,0.4043,0.2271,0.1429,0.21,0.3943,1,Business & Finance
43-3031.00,"Bookkeeping, Accounting, and Auditing Clerks",0.2329,0.3114,0.1429,0.2129,0.41,1,Business & Finance
43-3051.00,Payroll and Timekeeping Clerks,0.2643,0.15,0.1429,0.2729,0.4743,1,Business & Finance
43-3061.00,Procurement Clerks,0.4529,0.2443,0.1429,0.2329,0.59,1,Business & Finance
43-3071.00,Tellers,0.3243,0.2029,0.1429,0.3486,0.5986,0.9829,Business & Finance
43-4011.00,Brokerage Clerks,0.3,0.1814,0.1429,0.3314,0.6443,0.9943,Business & Finance
43-4021.00,Correspondence Clerks,0.1886,0.36,0.2243,0.3857,0.49,0.98,Business & Finance
43-4031.00,"Court, Municipal, and License Clerks",0.2814,0.2729,0.1586,0.5029,0.6057,0.88,Business & Finance
43-4041.00,"Credit Authorizers, Checkers, and Clerks",0.1429,0.2671,0.1429,0.4843,0.64,1,Technology & IT
43-4061.00,"Eligibility Interviewers, Government Programs",0.1429,0.35,0.1429,0.6371,0.56,0.9029,Technology & IT
43-4071.00,File Clerks,0.3443,0.1829,0.1443,0.2929,0.2514,1,Business & Finance
43-4081.00,"Hotel, Motel, and Resort Desk Clerks",0.3743,0.1429,0.1929,0.6414,0.5429,0.8171,Business & Finance
43-4121.00,"Library Assistants, Clerical",0.4157,0.2857,0.1843,0.5386,0.3114,0.9843,Education
43-4131.00,Loan Interviewers and Clerks,0.1429,0.3114,0.1429,0.4857,0.6586,0.9886,Business & Finance
43-4141.00,New Accounts Clerks,0.1957,0.2729,0.1429,0.5229,0.6643,0.98,Business & Finance
43-4151.00,Order Clerks,0.3671,0.1429,0.1429,0.36,0.6486,0.9957,Business & Finance
43-4161.00,"Human Resources Assistants, Except Payroll and Timekeeping",0.2043,0.1929,0.1429,0.4629,0.5586,1,Business & Finance
43-4171.00,Receptionists and Information Clerks,0.2786,0.2557,0.1571,0.51,0.6086,0.9,Technology & IT
43-4181.00,Reservation and Transportation Ticket Agents and Travel Clerks,0.3029,0.1429,0.1886,0.6271,0.5829,0.7914,"Arts, Communications & Humanities"
43-5011.00,Cargo and Freight Agents,0.45,0.2171,0.1429,0.3057,0.69,0.9029,Business & Finance
43-5032.00,"Dispatchers, Except Police, Fire, and Ambulance",0.7529,0.2029,0.1429,0.3843,0.4171,0.7714,Law & Public Policy
43-5051.00,Postal Service Clerks,0.4586,0.1429,0.1429,0.3671,0.3871,0.9357,Business & Finance
43-5053.00,"Postal Service Mail Sorters, Processors, and Processing Machine Operators",0.6571,0.22,0.1429,0.2614,0.2371,0.8443,"Engineering, Manufacturing & Construction"
43-5061.00,"Production, Planning, and Expediting Clerks",0.4457,0.1714,0.1629,0.3014,0.7014,0.8457,"Arts, Communications & Humanities"
43-5071.00,"Shipping, Receiving, and Inventory Clerks",0.5686,0.1771,0.1429,0.1957,0.4443,1,Business & Finance
43-6011.00,Executive Secretaries and Executive Administrative Assistants,0.1886,0.2771,0.1929,0.5629,0.7871,0.9157,Business & Finance
43-6012.00,Legal Secretaries and Administrative Assistants,0.2014,0.4157,0.2214,0.4529,0.6314,0.9557,Law & Public Policy
43-6013.00,Medical Secretaries and Administrative Assistants,0.3271,0.4314,0.1429,0.59,0.4529,0.9529,Healthcare & Medicine
43-6014.00,"Secretaries and Administrative Assistants, Except Legal, Medical, and Executive",0.2829,0.1957,0.1429,0.5157,0.5971,0.9929,Healthcare & Medicine
43-9021.00,Data Entry Keyers,0.4357,0.33,0.1429,0.17,0.2386,1,Technology & IT
43-9041.00,Insurance Claims and Policy Processing Clerks,0.1771,0.3471,0.1429,0.3657,0.5514,1,Business & Finance
43-9051.00,"Mail Clerks and Mail Machine Operators, Except Postal Service",0.5729,0.1429,0.1429,0.2871,0.3057,0.9229,"Engineering, Manufacturing & Construction"
43-9061.00,"Office Clerks, General",0.4171,0.2643,0.1429,0.4371,0.4571,0.9771,Business & Finance
43-9071.00,"Office Machine Operators, Except Computer",0.65,0.3043,0.1657,0.24,0.2943,0.9386,Technology & IT
43-9111.00,Statistical Assistants,0.3386,0.64,0.1429,0.2,0.2486,1,Science & Mathematics
45-2011.00,Agricultural Inspectors,0.7643,0.5771,0.1429,0.27,0.4457,0.7386,Law & Public Policy
45-2091.00,Agricultural Equipment Operators,1,0.3571,0.1429,0.1429,0.1914,0.5243,"Engineering, Manufacturing & Construction"
45-2092.00,"Farmworkers and Laborers, Crop, Nursery, and Greenhouse",1,0.3314,0.1829,0.2657,0.3386,0.48,Healthcare & Medicine
45-4022.00,Logging Equipment Operators,0.9757,0.2586,0.1429,0.1586,0.1571,0.6286,"Engineering, Manufacturing & Construction"
47-1011.00,First-Line Supervisors of Construction Trades and Extraction Workers,0.6671,0.2714,0.1429,0.4171,0.8571,0.7071,"Engineering, Manufacturing & Construction"
47-1011.03,Solar Energy Installation Managers,0.8371,0.3786,0.1814,0.2486,0.6929,0.5986,"Engineering, Manufacturing & Construction"
47-2031.00,Carpenters,0.9643,0.2729,0.3114,0.2714,0.2557,0.4943,"Engineering, Manufacturing & Construction"
47-2041.00,Carpet Installers,1,0.1614,0.2771,0.1843,0.1429,0.5,"Engineering, Manufacturing & Construction"
47-2061.00,Construction Laborers,1,0.3829,0.1971,0.1757,0.1929,0.5157,"Engineering, Manufacturing & Construction"
47-2071.00,"Paving, Surfacing, and Tamping Equipment Operators",1,0.2457,0.1429,0.1429,0.1429,0.5271,"Engineering, Manufacturing & Construction"
47-2072.00,Pile Driver Operators,1,0.2771,0.1429,0.1457,0.1643,0.5157,"Engineering, Manufacturing & Construction"
47-2073.00,Operating Engineers and Other Construction Equipment Operators,1,0.4186,0.1429,0.1629,0.18,0.5543,"Engineering, Manufacturing & Construction"
47-2081.00,Drywall and Ceiling Tile Installers,1,0.28,0.3286,0.1686,0.1429,0.4486,"Engineering, Manufacturing & Construction"
47-2111.00,Electricians,1,0.3857,0.1771,0.1886,0.2586,0.5843,"Engineering, Manufacturing & Construction"
47-2132.00,"Insulation Workers, Mechanical",0.9886,0.3457,0.1429,0.1771,0.1429,0.6071,"Engineering, Manufacturing & Construction"
47-2141.00,"Painters, Construction and Maintenance",1,0.21,0.3586,0.18,0.1429,0.5,"Engineering, Manufacturing & Construction"
47-2152.00,"Plumbers, Pipefitters, and Steamfitters",1,0.3143,0.1429,0.1657,0.1429,0.5314,"Engineering, Manufacturing & Construction"
47-2152.04,Solar Thermal Installers and Technicians,1,0.3843,0.1614,0.2429,0.2286,0.5229,"Engineering, Manufacturing & Construction"
47-2231.00,Solar Photovoltaic Installers,1,0.3786,0.1986,0.17,0.2471,0.5829,"Engineering, Manufacturing & Construction"
47-3012.00,Helpers--Carpenters,0.9871,0.1843,0.2,0.3057,0.23,0.4943,"Engineering, Manufacturing & Construction"
47-3013.00,Helpers--Electricians,1,0.3157,0.1429,0.2929,0.1429,0.5629,"Engineering, Manufacturing & Construction"
47-3015.00,"Helpers--Pipelayers, Plumbers, Pipefitters, and Steamfitters",0.9943,0.1957,0.1429,0.2657,0.1786,0.5229,"Engineering, Manufacturing & Construction"
47-4011.00,Construction and Building Inspectors,0.8814,0.5857,0.1743,0.2086,0.3071,0.7729,"Engineering, Manufacturing & Construction"
47-4011.01,Energy Auditors,0.6471,0.5957,0.1429,0.27,0.4771,0.8471,Business & Finance
47-4021.00,Elevator and Escalator Installers and Repairers,1,0.3486,0.1429,0.1971,0.1743,0.56,"Engineering, Manufacturing & Construction"
47-4051.00,Highway Maintenance Workers,1,0.2429,0.1486,0.2529,0.21,0.5029,"Engineering, Manufacturing & Construction"
47-4061.00,Rail-Track Laying and Maintenance Equipment Operators,1,0.2429,0.1429,0.1429,0.1429,0.5871,"Engineering, Manufacturing & Construction"
47-4099.03,Weatherization Installers and Technicians,0.8586,0.46,0.2143,0.33,0.3129,0.6414,"Engineering, Manufacturing & Construction"
47-5011.00,"Derrick Operators, Oil and Gas",1,0.3629,0.1429,0.1443,0.2343,0.52,"Engineering, Manufacturing & Construction"
47-5012.00,"Rotary Drill Operators, Oil and Gas",1,0.4343,0.1429,0.1657,0.3143,0.54,"Engineering, Manufacturing & Construction"
47-5013.00,"Service Unit Operators, Oil and Gas",1,0.3686,0.1429,0.1714,0.26,0.5814,Technology & IT
47-5022.00,"Excavating and Loading Machine and Dragline Operators, Surface Mining",1,0.3429,0.1429,0.1429,0.1429,0.5071,"Engineering, Manufacturing & Construction"
47-5023.00,"Earth Drillers, Except Oil and Gas",1,0.5214,0.1629,0.1743,0.2429,0.5243,"Arts, Communications & Humanities"
47-5041.00,Continuous Mining Machine Operators,0.9957,0.3571,0.1429,0.1486,0.1914,0.5814,"Engineering, Manufacturing & Construction"
47-5044.00,"Loading and Moving Machine Operators, Underground Mining",1,0.3071,0.1429,0.1429,0.1429,0.5286,"Engineering, Manufacturing & Construction"
49-1011.00,"First-Line Supervisors of Mechanics, Installers, and Repairers",0.59,0.2471,0.1443,0.5086,0.8557,0.6786,"Engineering, Manufacturing & Construction"
49-2011.00,"Computer, Automated Teller, and Office Machine Repairers",0.8329,0.3786,0.1429,0.25,0.2557,0.7857,Technology & IT
49-2021.00,"Radio, Cellular, and Tower Equipment Installers and Repairers",0.9614,0.4971,0.15,0.1957,0.1943,0.6471,"Engineering, Manufacturing & Construction"
49-2022.00,"Telecommunications Equipment Installers and Repairers, Except Line Installers",0.9186,0.3457,0.1429,0.2586,0.2286,0.69,"Engineering, Manufacturing & Construction"
49-2091.00,Avionics Technicians,1,0.6157,0.1657,0.1971,0.1514,0.63,"Engineering, Manufacturing & Construction"
49-2092.00,"Electric Motor, Power Tool, and Related Repairers",1,0.39,0.1429,0.17,0.1443,0.6071,"Engineering, Manufacturing & Construction"
49-2093.00,"Electrical and Electronics Installers and Repairers, Transportation Equipment",1,0.4829,0.1429,0.1643,0.1457,0.69,"Engineering, Manufacturing & Construction"
49-2094.00,"Electrical and Electronics Repairers, Commercial and Industrial Equipment",1,0.5486,0.1429,0.1429,0.2057,0.7529,"Engineering, Manufacturing & Construction"
49-2095.00,"Electrical and Electronics Repairers, Powerhouse, Substation, and Relay",1,0.5029,0.1429,0.1529,0.1857,0.7529,"Engineering, Manufacturing & Construction"
49-2096.00,"Electronic Equipment Installers and Repairers, Motor Vehicles",1,0.4914,0.1429,0.1857,0.1429,0.6186,"Engineering, Manufacturing & Construction"
49-2097.00,Audiovisual Equipment Installers and Repairers,0.9786,0.3743,0.2371,0.2343,0.16,0.6586,"Engineering, Manufacturing & Construction"
49-2098.00,Security and Fire Alarm Systems Installers,0.9529,0.4786,0.1429,0.1957,0.2257,0.7057,"Engineering, Manufacturing & Construction"
49-3011.00,Aircraft Mechanics and Service Technicians,0.9571,0.5443,0.1429,0.1871,0.2629,0.6714,"Engineering, Manufacturing & Construction"
49-3021.00,Automotive Body and Related Repairers,1,0.2286,0.2043,0.1514,0.2071,0.4771,"Engineering, Manufacturing & Construction"
49-3022.00,Automotive Glass Installers and Repairers,1,0.32,0.1429,0.1829,0.1986,0.5286,"Engineering, Manufacturing & Construction"
49-3023.00,Automotive Service Technicians and Mechanics,1,0.5114,0.1429,0.2071,0.2286,0.6157,"Engineering, Manufacturing & Construction"
49-3031.00,Bus and Truck Mechanics and Diesel Engine Specialists,1,0.4671,0.1429,0.22,0.1843,0.5329,"Engineering, Manufacturing & Construction"
49-3041.00,Farm Equipment Mechanics and Service Technicians,1,0.4314,0.1429,0.1857,0.1543,0.6143,"Engineering, Manufacturing & Construction"
49-3042.00,"Mobile Heavy Equipment Mechanics, Except Engines",1,0.5057,0.1429,0.1429,0.1429,0.6214,"Engineering, Manufacturing & Construction"
49-3043.00,Rail Car Repairers,1,0.3957,0.1729,0.2114,0.1657,0.5529,"Engineering, Manufacturing & Construction"
49-3051.00,Motorboat Mechanics and Service Technicians,1,0.4086,0.1429,0.1443,0.23,0.5543,"Engineering, Manufacturing & Construction"
49-3052.00,Motorcycle Mechanics,1,0.4457,0.1757,0.2057,0.1429,0.52,"Engineering, Manufacturing & Construction"
49-3053.00,Outdoor Power Equipment and Other Small Engine Mechanics,1,0.3543,0.1429,0.1714,0.18,0.5671,"Engineering, Manufacturing & Construction"
49-3091.00,Bicycle Repairers,1,0.26,0.1671,0.2314,0.2129,0.4771,"Engineering, Manufacturing & Construction"
49-3092.00,Recreational Vehicle Service Technicians,1,0.3729,0.1429,0.2243,0.1771,0.5886,"Engineering, Manufacturing & Construction"
49-3093.00,Tire Repairers and Changers,1,0.2571,0.1429,0.2557,0.2257,0.4871,"Engineering, Manufacturing & Construction"
49-9011.00,Mechanical Door Repairers,0.9814,0.2543,0.1429,0.2086,0.1429,0.5657,"Engineering, Manufacturing & Construction"
49-9012.00,"Control and Valve Installers and Repairers, Except Mechanical Door",1,0.4071,0.1429,0.1714,0.1429,0.6443,"Engineering, Manufacturing & Construction"
49-9021.00,"Heating, Air Conditioning, and Refrigeration Mechanics and Installers",0.9943,0.4029,0.1486,0.21,0.1714,0.6129,"Engineering, Manufacturing & Construction"
49-9031.00,Home Appliance Repairers,1,0.3329,0.1657,0.2329,0.1943,0.6914,"Engineering, Manufacturing & Construction"
49-9041.00,Industrial Machinery Mechanics,1,0.43,0.1443,0.1429,0.1671,0.6186,"Engineering, Manufacturing & Construction"
49-9043.00,"Maintenance Workers, Machinery",1,0.2914,0.1429,0.1429,0.1714,0.6071,"Engineering, Manufacturing & Construction"
49-9045.00,"Refractory Materials Repairers, Except Brickmasons",1,0.3143,0.1871,0.1457,0.1429,0.5071,"Engineering, Manufacturing & Construction"
49-9051.00,Electrical Power-Line Installers and Repairers,1,0.38,0.1429,0.1829,0.2543,0.5429,"Engineering, Manufacturing & Construction"
49-9052.00,Telecommunications Line Installers and Repairers,0.9257,0.3557,0.1429,0.2257,0.2871,0.5957,"Engineering, Manufacturing & Construction"
49-9061.00,Camera and Photographic Equipment Repairers,0.99,0.38,0.2757,0.17,0.1429,0.69,"Engineering, Manufacturing & Construction"
49-9062.00,Medical Equipment Repairers,1,0.6557,0.1429,0.28,0.1429,0.6857,"Engineering, Manufacturing & Construction"
49-9063.00,Musical Instrument Repairers and Tuners,0.9129,0.3771,0.4943,0.2257,0.1429,0.5057,"Engineering, Manufacturing & Construction"
49-9064.00,Watch and Clock Repairers,0.9343,0.2829,0.1914,0.2014,0.1614,0.6343,"Engineering, Manufacturing & Construction"
49-9071.00,"Maintenance and Repair Workers, General",1,0.3614,0.1714,0.25,0.2186,0.5957,"Engineering, Manufacturing & Construction"
49-9081.00,Wind Turbine Service Technicians,1,0.5143,0.1429,0.2314,0.2529,0.6129,"Engineering, Manufacturing & Construction"
49-9091.00,"Coin, Vending, and Amusement Machine Servicers and Repairers",0.8686,0.2586,0.1429,0.1743,0.27,0.8143,"Engineering, Manufacturing & Construction"
49-9094.00,Locksmiths and Safe Repairers,0.87,0.3014,0.1429,0.2243,0.2029,0.7143,"Engineering, Manufacturing & Construction"
49-9095.00,Manufactured Building and Mobile Home Installers,0.9757,0.2714,0.2171,0.2443,0.1671,0.5571,"Engineering, Manufacturing & Construction"
49-9097.00,Signal and Track Switch Repairers,0.9271,0.3771,0.1429,0.17,0.1443,0.6371,"Engineering, Manufacturing & Construction"
49-9098.00,"Helpers--Installation, Maintenance, and Repair Workers",0.9986,0.2814,0.1571,0.26,0.2329,0.5771,"Engineering, Manufacturing & Construction"
49-9099.01,Geothermal Technicians,0.9114,0.4914,0.1429,0.24,0.2543,0.7129,"Engineering, Manufacturing & Construction"
51-1011.00,First-Line Supervisors of Production and Operating Workers,0.6143,0.2257,0.1429,0.41,0.9,0.7214,"Engineering, Manufacturing & Construction"
51-2011.00,"Aircraft Structure, Surfaces, Rigging, and Systems Assemblers",1,0.38,0.2486,0.1429,0.1957,0.5457,"Engineering, Manufacturing & Construction"
51-2022.00,Electrical and Electronic Equipment Assemblers,1,0.4657,0.2429,0.1729,0.1429,0.5657,"Engineering, Manufacturing & Construction"
51-2023.00,Electromechanical Equipment Assemblers,1,0.4786,0.2014,0.1514,0.1429,0.7114,"Engineering, Manufacturing & Construction"
51-2031.00,Engine and Other Machine Assemblers,1,0.3843,0.1757,0.1429,0.1529,0.6271,"Engineering, Manufacturing & Construction"
51-2061.00,Timing Device Assemblers and Adjusters,0.9629,0.3029,0.17,0.1429,0.1629,0.6586,"Engineering, Manufacturing & Construction"
51-2092.00,Team Assemblers,0.7671,0.2043,0.2286,0.3457,0.5614,0.6543,"Engineering, Manufacturing & Construction"
51-3091.00,"Food and Tobacco Roasting, Baking, and Drying Machine Operators and Tenders",0.98,0.2286,0.1586,0.18,0.2614,0.5943,"Engineering, Manufacturing & Construction"
51-3093.00,Food Cooking Machine Operators and Tenders,0.9743,0.2829,0.1643,0.1914,0.24,0.6671,"Engineering, Manufacturing & Construction"
51-4021.00,"Extruding and Drawing Machine Setters, Operators, and Tenders, Metal and Plastic",0.9571,0.3186,0.2043,0.1543,0.1429,0.6157,"Engineering, Manufacturing & Construction"
51-4022.00,"Forging Machine Setters, Operators, and Tenders, Metal and Plastic",0.9629,0.3743,0.1471,0.1429,0.17,0.6271,"Engineering, Manufacturing & Construction"
51-4023.00,"Rolling Machine Setters, Operators, and Tenders, Metal and Plastic",0.9657,0.2386,0.1443,0.1443,0.1429,0.5657,"Engineering, Manufacturing & Construction"
51-4031.00,"Cutting, Punching, and Press Machine Setters, Operators, and Tenders, Metal and Plastic",0.98,0.3171,0.1514,0.1429,0.1429,0.6143,"Engineering, Manufacturing & Construction"
51-4032.00,"Drilling and Boring Machine Tool Setters, Operators, and Tenders, Metal and Plastic",1,0.3929,0.1429,0.1429,0.1429,0.61,"Engineering, Manufacturing & Construction"
51-4033.00,"Grinding, Lapping, Polishing, and Buffing Machine Tool Setters, Operators, and Tenders, Metal and Plastic",1,0.3057,0.1686,0.1429,0.1429,0.5586,"Engineering, Manufacturing & Construction"
51-4034.00,"Lathe and Turning Machine Tool Setters, Operators, and Tenders, Metal and Plastic",1,0.3029,0.1429,0.1429,0.1429,0.62,"Engineering, Manufacturing & Construction"
51-4035.00,"Milling and Planing Machine Setters, Operators, and Tenders, Metal and Plastic",1,0.3443,0.17,0.1429,0.1429,0.6257,"Engineering, Manufacturing & Construction"
51-4041.00,Machinists,1,0.5286,0.2786,0.1657,0.1729,0.6286,"Engineering, Manufacturing & Construction"
51-4051.00,Metal-Refining Furnace Operators and Tenders,0.9829,0.3929,0.15,0.1443,0.1429,0.5671,"Engineering, Manufacturing & Construction"
51-4072.00,"Molding, Coremaking, and Casting Machine Setters, Operators, and Tenders, Metal and Plastic",0.9957,0.3257,0.1929,0.1543,0.1543,0.6114,"Engineering, Manufacturing & Construction"
51-4081.00,"Multiple Machine Tool Setters, Operators, and Tenders, Metal and Plastic",1,0.3243,0.1429,0.1543,0.1429,0.6557,"Engineering, Manufacturing & Construction"
51-4111.00,Tool and Die Makers,0.9914,0.4257,0.2714,0.1429,0.1429,0.5986,"Engineering, Manufacturing & Construction"
51-4121.00,"Welders, Cutters, Solderers, and Brazers",1,0.2971,0.2,0.1543,0.2186,0.5214,"Engineering, Manufacturing & Construction"
51-4122.00,"Welding, Soldering, and Brazing Machine Setters, Operators, and Tenders",1,0.2886,0.1843,0.1614,0.2143,0.5571,"Engineering, Manufacturing & Construction"
51-4191.00,"Heat Treating Equipment Setters, Operators, and Tenders, Metal and Plastic",0.9743,0.3143,0.1429,0.2243,0.1429,0.5814,"Engineering, Manufacturing & Construction"
51-4193.00,"Plating Machine Setters, Operators, and Tenders, Metal and Plastic",1,0.3186,0.2014,0.1429,0.1429,0.5857,"Engineering, Manufacturing & Construction"
51-4194.00,"Tool Grinders, Filers, and Sharpeners",1,0.2886,0.1786,0.1429,0.1429,0.5929,"Engineering, Manufacturing & Construction"
51-5111.00,Prepress Technicians and Workers,0.7157,0.28,0.4429,0.2357,0.1929,0.8229,"Engineering, Manufacturing & Construction"
51-5112.00,Printing Press Operators,0.6857,0.1686,0.2486,0.2443,0.2529,0.7757,"Engineering, Manufacturing & Construction"
51-6031.00,Sewing Machine Operators,0.9686,0.1957,0.25,0.1657,0.1643,0.5671,"Engineering, Manufacturing & Construction"
51-6041.00,Shoe and Leather Workers and Repairers,0.9914,0.2329,0.4471,0.1886,0.2186,0.4557,"Engineering, Manufacturing & Construction"
51-6042.00,Shoe Machine Operators and Tenders,0.9586,0.2529,0.2386,0.1857,0.22,0.5543,"Engineering, Manufacturing & Construction"
51-6061.00,Textile Bleaching and Dyeing Machine Operators and Tenders,0.9671,0.2957,0.1814,0.1814,0.1729,0.5971,"Engineering, Manufacturing & Construction"
51-6062.00,"Textile Cutting Machine Setters, Operators, and Tenders",0.9086,0.2214,0.2157,0.1743,0.2229,0.6414,"Engineering, Manufacturing & Construction"
51-6063.00,"Textile Knitting and Weaving Machine Setters, Operators, and Tenders",0.9929,0.2586,0.2229,0.1457,0.1943,0.6114,"Engineering, Manufacturing & Construction"
51-6064.00,"Textile Winding, Twisting, and Drawing Out Machine Setters, Operators, and Tenders",0.9286,0.2114,0.19,0.1429,0.2186,0.6171,"Engineering, Manufacturing & Construction"
51-6091.00,"Extruding and Forming Machine Setters, Operators, and Tenders, Synthetic and Glass Fibers",0.9286,0.3157,0.1814,0.1743,0.2014,0.5786,"Engineering, Manufacturing & Construction"
51-7011.00,Cabinetmakers and Bench Carpenters,1,0.2929,0.3571,0.1586,0.1757,0.4829,"Engineering, Manufacturing & Construction"
51-7041.00,"Sawing Machine Setters, Operators, and Tenders, Wood",1,0.3371,0.1429,0.1657,0.1429,0.5529,"Engineering, Manufacturing & Construction"
51-7042.00,"Woodworking Machine Setters, Operators, and Tenders, Except Sawing",1,0.34,0.1614,0.1714,0.1457,0.5914,"Engineering, Manufacturing & Construction"
51-8011.00,Nuclear Power Reactor Operators,0.7714,0.4457,0.1429,0.2957,0.3714,0.7343,"Engineering, Manufacturing & Construction"
51-8013.00,Power Plant Operators,0.9771,0.4057,0.1429,0.1786,0.2771,0.73,"Engineering, Manufacturing & Construction"
51-8013.03,Biomass Plant Technicians,0.9957,0.4457,0.1429,0.1743,0.25,0.6886,"Engineering, Manufacturing & Construction"
51-8013.04,Hydroelectric Plant Technicians,1,0.4686,0.1429,0.1729,0.2529,0.6686,"Engineering, Manufacturing & Construction"
51-8021.00,Stationary Engineers and Boiler Operators,1,0.4514,0.1429,0.1571,0.1743,0.6286,"Engineering, Manufacturing & Construction"
51-8031.00,Water and Wastewater Treatment Plant and System Operators,0.9643,0.3643,0.1429,0.2243,0.2314,0.6571,"Engineering, Manufacturing & Construction"
51-8091.00,Chemical Plant and System Operators,0.8886,0.4543,0.1429,0.1743,0.2286,0.7371,"Engineering, Manufacturing & Construction"
51-8092.00,Gas Plant Operators,0.95,0.3686,0.1429,0.2086,0.3257,0.7414,"Engineering, Manufacturing & Construction"
51-8093.00,"Petroleum Pump System Operators, Refinery Operators, and Gaugers",0.8814,0.3486,0.1429,0.19,0.32,0.7229,"Engineering, Manufacturing & Construction"
51-8099.01,Biofuels Processing Technicians,0.8386,0.4686,0.1429,0.1429,0.3043,0.7614,"Engineering, Manufacturing & Construction"
51-9011.00,Chemical Equipment Operators and Tenders,0.9386,0.4514,0.1429,0.16,0.1814,0.6514,"Engineering, Manufacturing & Construction"
51-9012.00,"Separating, Filtering, Clarifying, Precipitating, and Still Machine Setters, Operators, and Tenders",0.8957,0.3271,0.1429,0.1571,0.1557,0.6386,"Engineering, Manufacturing & Construction"
51-9021.00,"Crushing, Grinding, and Polishing Machine Setters, Operators, and Tenders",0.9771,0.3029,0.1429,0.1429,0.2014,0.6557,"Engineering, Manufacturing & Construction"
51-9023.00,"Mixing and Blending Machine Setters, Operators, and Tenders",0.9371,0.2771,0.1614,0.1557,0.1657,0.6057,"Engineering, Manufacturing & Construction"
51-9032.00,"Cutting and Slicing Machine Setters, Operators, and Tenders",0.9586,0.23,0.1457,0.1429,0.1714,0.6357,"Engineering, Manufacturing & Construction"
51-9041.00,"Extruding, Forming, Pressing, and Compacting Machine Setters, Operators, and Tenders",0.9343,0.3186,0.1829,0.1486,0.1786,0.6143,"Engineering, Manufacturing & Construction"
51-9051.00,"Furnace, Kiln, Oven, Drier, and Kettle Operators and Tenders",0.9757,0.2971,0.1429,0.1843,0.1729,0.6257,"Engineering, Manufacturing & Construction"
51-9061.00,"Inspectors, Testers, Sorters, Samplers, and Weighers",0.8186,0.4886,0.1429,0.1429,0.1971,0.7657,Law & Public Policy
51-9081.00,Dental Laboratory Technicians,0.9443,0.6371,0.2171,0.3814,0.1429,0.5886,"Engineering, Manufacturing & Construction"
51-9082.00,Medical Appliance Technicians,1,0.5657,0.2257,0.4571,0.1429,0.5229,"Engineering, Manufacturing & Construction"
51-9083.00,Ophthalmic Laboratory Technicians,0.91,0.41,0.2429,0.2714,0.1957,0.59,"Engineering, Manufacturing & Construction"
51-9111.00,Packaging and Filling Machine Operators and Tenders,0.9471,0.1957,0.1429,0.1457,0.2629,0.7014,"Engineering, Manufacturing & Construction"
51-9124.00,"Coating, Painting, and Spraying Machine Setters, Operators, and Tenders",0.9971,0.2129,0.3014,0.1757,0.15,0.52,"Engineering, Manufacturing & Construction"
51-9141.00,Semiconductor Processing Technicians,0.9143,0.4386,0.1429,0.1586,0.2086,0.7357,"Engineering, Manufacturing & Construction"
51-9151.00,Photographic Process Workers and Processing Machine Operators,0.7843,0.3043,0.4171,0.1586,0.1586,0.7414,"Engineering, Manufacturing & Construction"
51-9161.00,Computer Numerically Controlled Tool Operators,0.92,0.4114,0.17,0.1429,0.1957,0.77,Technology & IT
51-9162.00,Computer Numerically Controlled Tool Programmers,0.6971,0.5171,0.2186,0.2071,0.24,0.8457,Technology & IT
51-9191.00,Adhesive Bonding Machine Operators and Tenders,0.9271,0.2943,0.1543,0.1429,0.1586,0.6271,"Engineering, Manufacturing & Construction"
51-9192.00,"Cleaning, Washing, and Metal Pickling Equipment Operators and Tenders",1,0.24,0.1429,0.1429,0.1429,0.63,"Engineering, Manufacturing & Construction"
51-9193.00,Cooling and Freezing Equipment Operators and Tenders,0.9986,0.3314,0.1429,0.2014,0.16,0.6129,"Engineering, Manufacturing & Construction"
51-9195.03,"Stone Cutters and Carvers, Manufacturing",1,0.2686,0.5471,0.1757,0.1429,0.5357,"Engineering, Manufacturing & Construction"
51-9195.05,"Potters, Manufacturing",0.9886,0.2343,0.3086,0.1429,0.17,0.5271,"Engineering, Manufacturing & Construction"
51-9196.00,"Paper Goods Machine Setters, Operators, and Tenders",0.9329,0.2457,0.18,0.1429,0.2071,0.65,"Engineering, Manufacturing & Construction"
53-1042.01,Recycling Coordinators,0.5714,0.3214,0.1429,0.4814,0.6814,0.6529,Business & Finance
53-1043.00,First-Line Supervisors of Material-Moving Machine and Vehicle Operators,0.68,0.2614,0.1429,0.3657,0.7429,0.6843,"Engineering, Manufacturing & Construction"
53-2011.00,"Airline Pilots, Copilots, and Flight Engineers",0.6771,0.45,0.2057,0.3571,0.5443,0.6714,"Engineering, Manufacturing & Construction"
53-2012.00,Commercial Pilots,0.6843,0.3643,0.1571,0.3671,0.56,0.6886,"Engineering, Manufacturing & Construction"
53-2022.00,Airfield Operations Specialists,0.6614,0.5057,0.1429,0.3557,0.6386,0.7043,"Engineering, Manufacturing & Construction"
53-2031.00,Flight Attendants,0.5771,0.2914,0.1814,0.5986,0.5186,0.63,"Engineering, Manufacturing & Construction"
53-3011.00,"Ambulance Drivers and Attendants, Except Emergency Medical Technicians",0.9214,0.35,0.1429,0.6757,0.2186,0.51,"Engineering, Manufacturing & Construction"
53-3031.00,Driver/Sales Workers,0.7629,0.1429,0.1429,0.3471,0.5243,0.6671,"Engineering, Manufacturing & Construction"
53-3032.00,Heavy and Tractor-Trailer Truck Drivers,1,0.2743,0.1429,0.19,0.1857,0.5857,"Engineering, Manufacturing & Construction"
53-3033.00,Light Truck Drivers,0.9829,0.22,0.1457,0.1943,0.3,0.6314,"Engineering, Manufacturing & Construction"
53-3051.00,"Bus Drivers, School",0.7857,0.23,0.1729,0.6357,0.3114,0.6714,"Engineering, Manufacturing & Construction"
53-3052.00,"Bus Drivers, Transit and Intercity",0.85,0.1429,0.1429,0.5143,0.4014,0.6714,Technology & IT
53-3053.00,Shuttle Drivers and Chauffeurs,0.9286,0.1429,0.1429,0.4343,0.3029,0.5943,"Engineering, Manufacturing & Construction"
53-3054.00,Taxi Drivers,0.8186,0.1571,0.1429,0.4,0.3557,0.6857,"Engineering, Manufacturing & Construction"
53-4011.00,Locomotive Engineers,1,0.4986,0.1429,0.2643,0.27,0.6643,"Engineering, Manufacturing & Construction"
53-4013.00,"Rail Yard Engineers, Dinkey Operators, and Hostlers",0.9686,0.2886,0.1429,0.2514,0.2957,0.6143,"Engineering, Manufacturing & Construction"
53-4022.00,"Railroad Brake, Signal, and Switch Operators and Locomotive Firers",1,0.2957,0.1429,0.1743,0.2043,0.6071,"Engineering, Manufacturing & Construction"
53-4041.00,Subway and Streetcar Operators,0.8443,0.1957,0.1429,0.4,0.3257,0.6086,"Engineering, Manufacturing & Construction"
53-5021.00,"Captains, Mates, and Pilots of Water Vessels",0.8014,0.3771,0.1429,0.2686,0.6029,0.6514,"Engineering, Manufacturing & Construction"
53-5022.00,Motorboat Operators,0.9343,0.3171,0.16,0.2843,0.4557,0.5229,"Engineering, Manufacturing & Construction"
53-5031.00,Ship Engineers,0.92,0.5057,0.1429,0.2514,0.5329,0.7014,"Engineering, Manufacturing & Construction"
53-6041.00,Traffic Technicians,0.6957,0.6257,0.2,0.2757,0.28,0.6386,"Engineering, Manufacturing & Construction"
53-6051.00,Transportation Inspectors,0.8129,0.4157,0.1429,0.2229,0.3771,0.8814,Law & Public Policy
53-6051.01,Aviation Inspectors,0.7957,0.5843,0.1429,0.2029,0.3657,0.8186,"Engineering, Manufacturing & Construction"
53-6051.07,"Transportation Vehicle, Equipment and Systems Inspectors, Except Aviation",1,0.5314,0.1429,0.1429,0.1929,0.7343,"Engineering, Manufacturing & Construction"
53-7011.00,Conveyor Operators and Tenders,0.8757,0.1943,0.1429,0.1729,0.3686,0.7071,"Engineering, Manufacturing & Construction"
53-7021.00,Crane and Tower Operators,1,0.3171,0.1429,0.17,0.1857,0.5629,"Engineering, Manufacturing & Construction"
53-7031.00,Dredge Operators,0.9471,0.4271,0.1429,0.1943,0.3329,0.4971,"Engineering, Manufacturing & Construction"
53-7041.00,Hoist and Winch Operators,0.9843,0.2214,0.1529,0.2071,0.2071,0.4757,"Engineering, Manufacturing & Construction"
53-7051.00,Industrial Truck and Tractor Operators,1,0.2543,0.1429,0.1586,0.1757,0.53,"Engineering, Manufacturing & Construction"
53-7061.00,Cleaners of Vehicles and Equipment,1,0.1643,0.1429,0.1486,0.1429,0.5771,"Engineering, Manufacturing & Construction"
53-7063.00,Machine Feeders and Offbearers,0.9943,0.2957,0.1429,0.1429,0.1429,0.6414,"Engineering, Manufacturing & Construction"
53-7071.00,Gas Compressor and Gas Pumping Station Operators,0.8957,0.3286,0.1429,0.2157,0.2129,0.69,"Engineering, Manufacturing & Construction"
53-7072.00,"Pump Operators, Except Wellhead Pumpers",0.9543,0.3243,0.1429,0.1829,0.2086,0.6429,"Engineering, Manufacturing & Construction"
